0.004255,-0.0040979,-0.0065522,-0.054401,0.044362,-0.010519,0.084048,0.066617,-0.0074779,-0.012415,0.11433,0.00083757,-0.0086178,-0.10325,-0.018127,0.035817,-0.0039611,-0.014683,-0.016992,0.02329,-0.0085373,-0.02356,0.035079,-0.026895,0.023458,-0.0074641,0.047076,5.8358e-05,-0.040367,-0.018169,-0.038081,-0.034709,-0.01739,-0.018307,0.013559,0.035047,-0.02675,0.094499,-0.011531,-0.012957,-0.015744,-0.019704,0.06575,0.074044,-0.0048378,0.010186,0.0014957,-0.0023701,0.0015524,-0.017879,0.031349,-0.002079,-0.013413,0.010078,-0.0053613,-0.0093669,0.0025175,0.010745,-0.011521,-0.018212,-0.035527,-0.017105,-0.061903,0.0092717,-0.007517,0.021843,0.0098879,-0.0066677,-0.0011565,-0.0028553,-0.016786,-0.017293,0.0038236,-0.010287,0.019246,-0.064012,-0.018447,-0.0265,-0.0063647,-0.010797,-0.0086207,0.0094432,0.033137,0.0022469,-0.010346,-0.0038435,-0.065627,-0.012197,0.048573,-0.030228,0.038586,-0.014817,-0.0071743,0.015157,0.031674,0.089237,-0.0059678,-0.04037,-0.012638,-0.0075371,0.0091543,0.050844,-0.028809,-0.015144,0.090895,-0.022001,-0.033276,-0.0099802,-0.039925,-0.0052112,0.072073,0.85132,-0.0026452,-0.01475,0.031952,-0.00030828,0.011605,-0.0054525,-0.0089416,0.0084722,0.042793,-0.031459,-0.0089497,-0.071182,-0.013233,-0.004171,-0.013482,-0.0012919,-0.024789,-0.015973,-0.01305,0.009289,-0.018128,-0.023249,0.036959,-0.024926,-0.024567,0.054343,-0.012082,-0.020372,-0.090176,0.048333,-0.033781,-0.013828,-0.010388,0.010685,-0.023576,-0.010873,-0.024182,0.032913,-0.0057316,0.0087664,0.0097849,-0.040649,-0.02534,-0.024333,-0.2743,0.063797,-0.0029361,-0.0035864,0.00063209,-0.00053839,0.058776,-0.006981,-0.0085107,-0.0023629,-0.022528,0.028112,0.073561,-0.030389,-0.0016971,-0.02135,-0.013003,-0.015263,-0.023055,0.022445,0.013498,-0.0056904,-0.017344,-0.0092308,0.048764,-0.012997,0.015111,-0.023178,-0.0006312,-0.021792,0.04295,0.0087949,0.050573,0.018676,-0.018097,0.0016148,-0.024543,-0.0039024,0.018502,-0.0074854,0.01756,0.0031833,0.014315,-0.0051368,-0.01015,-0.01512,-0.012424,-0.019086,0.0031727,0.010027,-0.009637,-0.015465,-0.0069714,0.032213,-0.0078019,-0.012885,-0.021437,0.0016145,0.0022352
-0.022376,0.017297,-0.030431,0.011362,0.015169,-0.014437,0.064336,0.072465,-0.019244,-0.010892,0.06812,-0.010923,-0.013673,-0.17996,0.00022298,0.019289,-0.012634,-0.032438,-0.015454,0.0010142,-0.011889,-0.016688,0.045967,-0.016824,0.013125,-0.032631,0.046655,0.001218,-0.023319,-0.027679,-0.019636,-0.025699,0.01691,-0.026436,-0.0050073,0.082134,-0.020786,-0.015837,0.0032467,-0.02197,-0.018667,0.00028908,0.0087763,0.060792,-0.02561,0.0059643,-0.0037635,0.0053939,0.009027,-0.0030401,0.00071286,-0.021491,-0.012765,-0.0071895,-0.014131,0.011265,0.0010373,0.0027248,-0.0062358,-0.0029928,-0.060083,-0.012492,-0.033123,0.023818,-0.025132,0.027648,-0.014427,-0.0043084,-0.0096617,-0.0022992,0.015763,-0.0087629,-0.0024294,-0.017834,0.0043239,0.059955,0.003764,0.0077136,-0.0078559,-0.017379,-0.0072626,0.026595,-0.005194,0.002758,-0.0032771,-0.041745,-0.0075205,-0.0091419,0.064466,-0.040308,0.0086012,-0.074393,-0.015343,-0.039549,0.063285,0.070435,-0.017032,0.0036762,0.0098429,2.7216e-05,-0.011233,0.016363,3.9737e-06,-0.00036284,-0.0077638,-0.012384,-0.013745,-0.0016316,0.006107,-0.015031,-0.014588,0.15958,-0.0087933,-0.012121,0.036278,-0.0065525,0.015942,-0.021643,-0.0083675,-0.023886,0.052767,-0.021125,-0.0037864,0.0028267,-0.028027,-0.0056837,-0.020537,-0.0040733,-0.026354,-0.020527,-0.012539,0.0066536,0.0019525,0.011952,0.018645,-0.025084,-0.0097629,0.050652,-0.015854,-0.0070154,-0.01696,0.026172,-0.026968,-0.0033099,-0.0079707,0.023689,-0.016826,0.014119,-0.027609,0.0034037,-0.034011,-0.024806,-0.0047962,-0.016433,-0.034745,-0.01782,0.89665,0.067237,-0.014986,0.0017147,-0.013313,-0.047827,0.023518,-0.0083081,-0.015848,0.018588,-0.013953,0.055427,0.065305,-0.014225,-0.02647,-0.0039802,-0.0040573,-0.0023766,-0.0021572,0.00011556,0.0075334,-0.024947,-0.0079482,-0.011303,0.021578,0.0017469,0.012916,-0.025317,0.0053487,-0.023921,-0.053491,0.015646,0.094953,-0.0035242,-0.0068973,-0.0092971,-0.022227,-0.0080112,0.018573,-8.6687e-05,0.013807,-0.0012901,-0.02237,-0.0053625,-0.0030431,-0.031036,-0.013551,0.022399,0.0021379,0.012528,-0.0079988,-0.002522,-0.0097147,0.025323,-0.011946,-0.018668,-0.018667,0.015945,-0.0052976
0.023037,0.012961,0.051097,0.030717,-0.091764,-0.15354,-0.10714,-0.33087,-0.054279,0.040346,0.047531,-0.024435,0.011683,0.59528,-0.04069,-0.1461,0.018631,0.020333,0.02374,-0.020505,0.039741,0.034286,-0.079221,0.028968,-0.071288,0.045812,-0.024483,0.021185,-0.011616,0.043771,0.035954,-0.013672,-0.011264,0.020683,0.053666,-0.099799,0.055795,-0.075837,0.029452,0.01503,0.02509,0.040796,-0.076208,-0.076988,0.0058285,0.043477,0.0091642,-0.0071407,-0.00055634,-0.019408,-0.024261,0.00083613,0.032328,0.0018701,-0.011474,0.028445,-0.034376,0.011851,0.018787,-0.044966,0.018345,0.0094823,-0.084767,-0.033273,-0.0062895,-0.035531,0.047028,0.021201,0.026,-0.021078,-0.0056881,0.0098047,0.027567,0.0064801,0.041421,0.029702,0.017224,0.026958,0.0024817,0.013436,0.027823,-0.061663,-0.010355,-0.066444,-0.0096173,0.094652,0.043823,0.0094044,-0.057088,0.02124,0.0012726,0.062707,0.0071001,-0.0069391,-0.055536,-0.056349,0.030796,0.0013312,0.023173,0.070554,0.01035,-0.085013,0.01294,0.055434,0.061866,-0.022172,0.012994,0.015609,0.034104,-0.053885,-0.080672,0.2763,0.033804,0.041732,-0.0079795,-0.016172,-0.014387,-0.047451,0.030257,-0.012949,-0.03838,0.029317,0.023624,-0.07782,0.013865,0.0067173,0.0072192,0.0096794,0.011616,0.037311,0.013707,-0.10527,-0.0044902,-0.062227,-0.076605,0.060072,0.063689,0.0097876,-0.0074881,-0.023105,-0.15261,-0.09414,0.039893,0.055808,0.026152,0.010767,0.011665,-0.0059687,-0.01085,0.012871,-0.022195,-0.008361,0.056339,0.050199,0.0055219,0.037755,0.19865,-0.1177,0.075006,0.048942,-0.0010752,-0.0038512,-0.055094,0.01242,0.031374,0.038041,0.031168,-0.088557,-0.028979,-0.055333,0.027308,-0.02016,-0.016455,0.037079,0.071009,-0.081894,-0.047682,0.0041236,0.021538,-0.0079407,-0.058112,-0.033945,0.045504,0.031364,0.037119,0.00037739,0.016922,-0.050577,-0.020291,0.0048882,0.01854,0.015311,0.017853,-0.026874,-0.08363,0.010416,-0.024368,-0.010464,-0.013059,0.0075114,0.0037396,-0.033359,0.025834,0.045402,0.036178,-0.022859,0.00413,0.033435,0.017323,-0.057443,-0.0074512,-0.049216,0.019179,-0.013512,0.042495
-0.033304,0.019613,-0.015557,-0.063636,0.20548,-0.039456,0.1388,-0.52306,-0.014293,0.05318,0.4106,-0.0092829,0.023546,0.1238,-0.11182,-0.0087864,-0.047415,0.033668,-0.029131,0.10215,0.029572,-0.026078,0.085844,-0.03066,0.024667,-0.032271,0.1457,-0.028663,-0.010054,-0.050848,-0.032221,-0.030347,-0.035611,-0.021415,0.0015042,0.076718,-0.025116,-0.10782,-0.015779,-0.031296,-0.018129,-0.00838,0.18151,0.11804,-0.0001546,0.0054424,-0.023959,-0.0024165,0.0050026,-0.0099619,-0.080541,0.012222,-0.026459,-0.010549,0.021122,-0.019215,-0.0052837,-0.018765,-0.0025029,-0.0055709,-0.028958,0.012793,0.089814,0.014859,0.0068815,0.032604,-0.0049455,-0.022398,-0.021434,0.013144,-0.01437,-0.015687,0.0046811,-0.039915,-0.027636,-0.017013,-0.028188,-0.01859,0.015077,0.011041,0.0066057,0.068854,-0.0057321,0.051394,-0.022613,0.017766,-0.034104,0.00045033,0.11221,-0.034665,-0.010961,-0.060196,-0.018137,-0.041304,0.055116,0.15047,-0.034678,-0.035915,0.0063906,0.0060978,0.018423,0.0048071,-0.012927,-0.026523,-0.08301,0.015787,0.0043799,0.026953,-0.0089463,0.018563,0.016462,-0.19508,-0.017264,-0.040323,0.1199,0.0038996,0.032243,-0.0023959,0.0049869,-0.010185,0.11602,0.02301,-0.016579,-0.07552,0.0027812,-0.03064,-0.041651,-0.034273,-0.035269,0.016259,-0.027561,0.018076,0.017949,0.016293,0.013588,-0.064901,-0.017321,0.09952,-0.047241,-0.014327,0.044273,0.070803,-0.02171,-0.036786,-0.028969,0.0037952,-0.0057735,-0.015012,-0.023015,0.0033398,-0.13144,-0.010492,-0.043208,-0.032003,-0.040212,-0.029219,-0.090506,0.091406,-0.021953,0.0056936,-0.072638,-0.063478,0.032769,-0.038221,-0.054748,-0.020491,0.0097627,0.051213,0.21317,0.016144,-0.048696,0.02436,0.021632,-0.0031655,0.016012,0.04483,0.037975,-0.041481,-0.00079746,0.0025673,0.021395,0.0012144,-0.0053332,-0.054598,-0.0095332,0.015933,0.065524,0.0080272,0.040128,-0.00046227,-3.6516e-05,0.015392,0.0157,-0.0039236,0.040421,-0.016834,0.04186,-0.010297,-0.032747,-0.0035187,-0.015582,-0.037058,0.00061869,-0.0087063,-0.015972,0.026596,-0.035262,-0.032812,0.010699,0.023089,0.0028132,-0.00017885,-0.0081463,0.015169,0.0033931
0.015573,0.011631,-0.13826,0.042681,0.16001,-0.28411,-0.092935,-0.19485,-0.070359,0.0086019,0.38775,0.054025,0.077209,-0.51056,0.0071987,0.032222,-0.016323,0.030809,-0.013315,-0.017049,-0.016574,0.026211,-0.10991,0.0024385,-0.071561,0.018674,-0.05545,0.031134,0.009393,0.025845,0.025934,-0.01654,0.023173,0.02953,0.017368,-0.022084,0.0048647,0.13276,0.022092,0.05487,0.019755,0.036682,-0.079684,-0.065178,0.015351,0.024389,0.01492,0.014233,0.014166,0.013841,-0.0020256,-0.0086326,0.048903,0.010536,-0.0026428,0.058586,-0.0031795,0.03087,-0.0026325,-0.022891,-0.044825,-0.014662,-0.01999,-0.033155,0.00253,-0.035682,0.035833,0.0081485,0.027348,-0.032422,0.038297,0.055132,-0.047308,0.02011,0.027026,0.060115,0.040688,-0.080445,0.009472,-0.031432,-0.015568,-0.016863,-0.051723,-0.069693,0.044733,0.011906,0.028113,0.0043467,-0.059075,0.00071379,-0.0063097,0.014597,0.013296,0.031865,-0.023277,-0.066907,0.054415,0.055736,0.021871,0.013045,0.0063443,-0.052597,0.032404,0.034975,0.086663,0.011871,-0.0054877,-0.015311,0.032494,-0.022638,-0.21505,-0.0095528,0.048481,0.0095526,-0.055548,-0.0096106,-0.045404,-0.034543,-0.0097642,-0.038262,-0.033052,0.044053,0.014199,-0.099039,-0.043558,-0.0076294,0.022025,0.034885,0.068108,0.073753,0.044718,-0.10169,0.022937,-0.095928,-0.076284,0.024305,0.021378,-0.10615,0.052346,-0.00016837,-0.05893,-0.10361,0.047572,0.039346,-0.0045682,0.044783,0.016097,0.020878,0.036334,-0.050118,0.078744,0.073546,0.059989,0.023835,0.023952,0.055413,-0.028619,-0.0049779,0.030142,-0.0076467,0.040871,0.063483,-0.16747,0.041052,0.0099501,0.027025,0.01693,-0.00071084,-0.12181,0.020672,0.0033533,-0.033154,-0.0046891,0.026648,0.0037321,-0.035461,-0.018571,0.050972,0.033903,-0.023021,-0.022871,-0.01606,-0.0099802,0.04016,0.022621,-0.014017,0.037229,-0.027911,0.00036146,0.030714,0.027967,0.01815,-0.039617,0.0062454,-0.056464,0.017938,0.026065,0.013078,0.025537,-0.012058,-0.012542,0.01773,0.02407,0.033716,0.036627,-0.021635,0.053025,0.0072581,0.036536,0.00036124,0.011448,0.019495,0.015043,-0.039904,-0.036046
0.010971,0.022094,-0.063953,-0.042395,0.010996,0.036181,-0.033958,-0.62861,0.10729,-0.025387,-0.32205,0.011533,0.0085888,-0.14387,0.039701,0.12468,0.030264,-0.0026549,-0.01895,-0.033822,0.0083258,0.0023348,0.052832,-0.01176,0.071196,-0.023969,-0.083684,-0.0067244,0.077053,0.0062189,-0.010413,-0.0029047,-0.043378,0.040195,-0.051687,-0.041876,0.00831,0.033164,0.0046017,0.0091119,-0.016957,-0.024733,-0.099288,-0.019852,0.07413,-0.047519,-0.028962,0.048646,0.023289,0.040827,0.039167,0.057015,-0.0033215,0.0017879,0.070791,0.0062334,0.047208,-0.054871,-0.019928,0.052233,-0.014845,0.0082002,-0.061218,-0.020739,-0.0083235,0.014487,0.0084408,-0.014839,-0.045864,-0.012506,0.0092051,0.0098951,-0.041318,-0.03855,-0.03687,-0.034725,-0.014099,-0.012481,-0.0013853,0.033361,0.0058556,-0.014881,-0.039247,0.053311,0.01543,-0.084863,-0.014047,0.035621,-0.025134,0.034338,-0.010555,0.083933,0.011762,0.047354,0.0007156,-0.11428,-0.033451,0.0074912,-0.074436,-0.072504,0.006391,0.055237,-0.0435,-0.050068,0.00095601,-0.0049315,0.046234,-0.031132,-0.053588,0.065673,0.093771,0.13959,-0.005658,-0.024879,-0.097748,0.008781,0.060808,0.094284,-0.012791,0.0079995,-0.031366,-0.049905,0.018457,0.13389,0.041911,-0.023082,0.027119,0.015573,0.023494,-0.016363,0.004738,0.038732,-0.024257,0.098424,0.075542,-0.0077057,-0.037822,-0.038548,0.016568,0.057616,0.078656,-0.01157,-0.044343,-0.0073334,-0.011638,-0.012711,0.0079787,-0.0064075,0.052546,-0.031638,0.14014,0.023861,-0.041887,0.0014923,0.037988,-0.034662,0.069138,-0.05542,-0.06976,-0.052689,0.046545,0.049731,0.049362,-0.0087169,0.018056,-0.062904,0.014618,-0.02617,-0.074959,-0.029422,0.0089345,0.02649,0.0016924,0.0014562,-0.04189,0.084166,0.017292,0.05527,-0.006884,0.016548,0.052552,0.044179,-0.013751,0.0068593,-0.028684,0.014136,-0.21633,0.037443,0.075232,-0.053705,-0.004724,0.034073,0.011893,-0.0025004,0.097607,-0.01216,-0.087046,0.046775,0.012249,0.0086369,0.039847,0.03232,-0.022438,-0.048888,-0.0079338,0.00065229,0.020057,-0.032489,-0.0252,-0.062284,0.017725,0.018401,-0.019715,0.028874,0.018436
0.10492,0.016244,0.090162,0.0098545,0.05668,0.073558,-0.053439,0.13922,-0.042958,0.069373,0.14792,0.10113,0.2601,0.094785,-0.10587,-0.024486,-0.02505,0.046516,-0.043085,0.059851,0.05042,0.015979,-0.007701,-0.055465,-0.019352,0.059176,0.038183,-0.04855,0.0024685,0.050892,-0.023601,0.018017,-0.071394,0.059694,0.013542,-0.040534,0.0067461,-0.028757,-0.012986,0.0086927,-0.089625,-0.09783,0.14598,0.049808,0.13139,0.012148,-0.076049,0.078738,0.040492,0.010304,0.067317,0.075283,0.025056,-0.011783,0.065809,0.023079,0.0068038,-0.064942,-0.050704,0.0074077,0.022151,-0.021103,-0.16835,-0.077389,0.090322,0.052917,0.036102,-0.02602,-0.0040909,-0.01677,0.06891,0.01785,0.046198,0.095272,-0.088404,0.029715,-0.068721,0.040782,-0.027183,-0.00095085,0.00010929,0.10917,-0.029547,-0.078171,-0.046629,-0.12055,-0.026411,0.1482,0.025856,0.08616,-0.051748,0.18699,0.071015,-0.018566,0.058961,0.018982,0.035684,0.0072447,-0.11202,-0.083868,0.052471,-0.04884,-0.071387,-0.054939,-0.011837,0.015162,0.073518,0.036603,-0.07997,-0.040684,-0.057829,0.010485,-0.069633,-0.08601,0.068972,-0.024151,-0.042088,0.0062433,-0.027839,0.078719,-0.023095,0.036562,0.050893,0.28764,-0.023264,-0.068431,0.043874,-0.00728,0.04133,0.013525,0.022296,-0.010457,-0.019475,-0.044463,-0.10125,-0.053367,-0.025425,-0.055782,0.040362,-0.038667,-0.1101,-0.056361,-0.029119,-0.057413,-0.075067,-0.01301,0.046305,-0.098049,0.062478,-0.034332,0.21154,-0.003337,0.0092601,-0.060376,0.0919,-0.086606,0.047422,0.045317,-0.098209,-0.010038,0.042404,0.18424,-0.081657,-0.09326,-0.022747,-0.070914,0.069561,0.059492,0.12764,0.06927,0.076689,0.029874,0.028121,-0.040391,-0.0013445,-0.062363,-0.011835,0.10489,-0.027071,0.0033074,-0.083314,-0.030211,0.0035617,-0.031777,-0.018227,-0.036897,-0.09646,-0.036388,-0.052573,0.021835,-0.026715,-0.0087893,0.0022224,0.049762,-0.057675,-0.051619,-0.062052,-0.030679,-0.031045,0.00305,-0.020521,0.069172,-0.023523,-0.0029075,-0.080715,0.039886,-0.048137,-0.077676,-0.02144,-0.0041685,0.030871,0.035286,-0.0066899,-0.0059189,-0.043695
0.010161,0.11945,0.048719,-0.0090325,0.10196,-0.11943,0.076589,0.19763,0.1263,0.1178,0.36724,-0.075449,-0.013908,0.22698,-0.039014,0.0228,0.013188,-0.03659,0.013354,-0.090594,0.067596,-0.00034954,0.0096519,0.006636,0.098033,-0.060803,-0.16519,0.0077477,-0.0070295,0.020102,0.0072352,-0.051089,0.0088433,-0.019675,-0.038725,0.059227,-3.1264e-05,-0.047851,0.0063675,0.0061114,0.060207,0.010482,0.035403,-0.032629,-0.023916,-0.092347,0.053216,-0.014096,-0.0099978,-0.0042017,-0.080331,-0.031538,-0.032175,-0.033495,-0.036447,0.014731,-0.00036111,-0.038222,-0.00039704,0.05114,-0.10203,-0.0081586,-0.048612,0.022657,-0.021092,-0.02707,-0.035533,-0.00040294,-0.028543,-0.044624,0.013087,0.015643,-0.069475,-0.084575,-0.024689,-0.1047,0.0069663,-0.17347,-0.019883,-0.016503,-0.0062983,-0.054961,-0.11312,0.17045,0.08977,-0.023696,-0.02671,-0.036541,0.0033935,-0.0022758,0.065125,0.1436,0.0033424,0.067241,-0.12022,-0.072358,0.0021416,-0.0021527,0.017846,0.0062294,0.052459,0.14697,0.018558,0.0037279,0.02625,-0.072395,-0.071186,-0.094331,-0.027999,0.06461,0.11266,-0.027307,0.053343,0.0033835,-0.071323,-0.0021456,0.085231,0.057011,-0.030043,0.070356,-0.058063,-0.09046,-0.041575,0.10029,0.034925,-0.011306,-0.017825,0.027916,0.039255,0.11111,-0.039584,0.061616,-0.081127,0.097013,0.1145,-0.055619,-0.022288,-0.054506,-0.023806,0.040578,0.021448,-0.069025,-0.040716,0.035364,0.0065593,-0.044631,-0.048532,0.00743,-0.063577,-0.14495,0.1244,-0.0025571,-0.0068877,0.037704,-0.015883,0.056544,0.039887,-0.013664,-0.0038701,-0.082174,0.045632,0.067409,0.095299,0.044765,0.0037905,-0.0037487,-0.047027,-0.12482,-0.17868,0.10625,0.012113,-0.044764,0.0067905,-0.010966,-0.0019913,0.089295,0.013101,0.074755,0.0024139,0.012717,0.048856,-0.0092926,-0.13052,-0.012187,-0.0084805,-0.0080698,-0.071977,0.051605,0.15522,-0.059829,-0.018955,0.032891,-0.0047735,-0.027627,0.053347,0.015976,-0.00080153,0.0022372,0.016211,0.0027604,0.01762,-0.0041881,-0.016018,-0.021991,0.035552,0.0042171,0.060215,-0.04152,-0.020778,-0.078937,-0.018391,-0.0097085,0.0021196,-0.026452,-0.055624
-0.023796,0.036049,-0.022814,0.08796,0.13799,-0.24623,0.1537,-0.044534,0.043619,-0.10766,-0.26234,-0.034875,0.035751,0.044878,0.015401,-0.22655,-0.069082,-0.023714,-0.024612,-0.027183,-0.0763,-0.035114,-0.0065605,-0.045525,-0.031743,-0.046535,-0.011907,0.072099,-0.028604,-0.021296,-0.046846,0.014847,0.025477,-0.064416,-0.053433,0.18043,-0.067255,0.0013464,-0.016722,-0.0025696,0.0091138,-0.0093382,-0.28981,0.11272,0.044919,-0.024091,0.01178,-0.022626,-0.051093,-0.040241,-0.027179,-0.064226,-0.0099019,0.01132,-0.071387,-0.035813,0.010393,0.0084732,-0.0010089,-0.069969,-0.12304,-0.032987,0.16417,0.012446,0.047139,0.057688,-0.036302,0.0090331,-0.022048,-0.059247,0.01455,-0.0057355,0.043072,-0.015546,-0.048987,0.066616,0.012416,0.18186,-0.024783,-0.062686,0.007479,0.047646,-0.014611,0.0018301,0.057212,-0.10503,-0.043079,0.056716,0.092653,-0.080149,-0.00041015,0.18026,0.032632,-0.023644,-0.034753,0.20666,0.12209,-0.053561,0.060409,0.0036341,0.026645,0.070531,-0.025972,0.012001,0.065907,0.023188,-0.044042,-0.025317,-0.016762,-0.08221,-0.089178,-0.038057,0.016803,0.041021,-0.055979,-0.064766,-0.044377,-0.055659,-0.03164,0.077028,-0.016135,0.0062017,-0.029423,0.11801,-0.084749,0.064977,-0.028059,-0.0021537,0.047592,0.1254,-0.040755,-0.068391,0.0090104,0.04425,-0.099367,0.006758,0.003454,-0.0012766,-0.037761,-0.041441,-0.09991,-0.013451,0.0088774,0.0042391,-0.04331,-0.02496,-0.043624,0.025574,-0.082937,0.091122,0.11513,-0.075687,-0.045694,-0.035627,-0.047528,-0.063322,-0.052732,0.12905,0.027834,-0.0059197,-0.035448,0.083938,-0.020554,0.011982,-0.034631,-0.010601,0.0086635,-0.057274,0.0034475,0.056357,0.016402,-0.00091654,0.042577,-0.031397,0.043399,0.007478,0.012559,0.08779,-0.0020982,-0.010048,0.027905,-0.063255,0.041473,-0.050403,0.059789,-0.029413,0.082068,0.055114,0.11281,0.018872,-0.020248,0.023988,0.035787,-0.0035867,0.04201,0.021042,0.10976,0.010618,0.041715,-0.022144,-0.020075,0.020974,-0.006009,-0.0040339,0.050549,0.078611,-0.010517,-0.060786,0.017041,0.12716,0.0048116,0.020016,-0.017236,-0.035761,0.006185
0.081124,0.090105,0.15803,-0.20974,0.1009,-0.050672,0.083758,0.038024,0.022801,0.10119,0.0093025,0.010877,0.4589,0.007101,-0.04698,-0.019427,-0.022031,0.037139,-0.031616,-0.13435,0.050639,-0.023801,0.0035685,-0.054494,-0.020112,-0.015848,-0.10507,0.024067,0.036813,0.010752,0.0052343,0.086775,-0.011608,-0.0036843,0.048664,-0.0063116,-0.0058038,0.01041,-0.011418,0.0069773,-0.022725,-0.03355,-0.13645,0.022206,-0.030051,0.040391,0.011885,-0.035648,-0.00033792,0.011736,-0.021665,-0.040578,0.03758,0.0256,-0.053724,0.013161,0.050996,0.034284,0.015315,0.050974,0.10039,0.0036966,-0.12711,0.03748,-0.0011881,-0.0027158,-0.0025744,-0.0083474,0.011058,0.031631,0.0020565,-0.02516,0.047203,0.01597,-0.010747,0.024279,-0.061046,0.14399,-0.0020246,0.00043448,0.011435,-0.067479,0.050088,0.00068938,-0.035476,-0.14891,0.021683,-0.032103,0.040674,0.039968,-0.033225,-0.070135,-0.044743,-0.0054053,-0.041896,0.019105,0.026117,-0.043244,-0.08274,-0.076949,0.057378,0.0031537,-0.020425,-0.03796,-0.035572,0.09268,0.033402,0.0095354,-0.0057339,0.030326,0.12547,-0.014266,-0.070184,-0.061022,-0.071073,0.034097,0.035742,0.04002,0.045536,-0.010266,-0.02717,0.056699,0.078731,-0.3481,-0.038848,0.030127,-0.0097796,-0.039021,-0.0027421,-0.017227,0.0056862,0.014915,0.076659,-0.065481,0.017001,0.009632,-0.0083956,-0.074104,-0.0096777,0.011336,0.081757,0.016304,0.035959,-0.02465,-0.00062167,0.0924,0.026443,0.0055314,0.057796,0.08828,-0.10435,-0.079411,-0.043971,-0.038633,0.0055677,0.00089924,0.016307,0.014808,-0.038629,0.075887,-0.0414,-0.10065,0.0070537,-0.0049407,0.081954,-0.026882,0.064918,-0.080479,-0.26576,0.0067142,0.12233,0.036689,0.012835,-0.032676,-0.0054088,0.056513,0.029669,-0.10923,-0.007777,0.015354,0.064211,0.011546,0.051392,-0.034673,0.038979,0.017215,0.022178,0.008177,0.14645,0.018784,0.025086,-0.07777,0.079048,0.022064,0.024123,-0.044074,-0.036464,0.021256,-0.043764,0.028509,2.1364e-05,-0.0071502,0.0052686,-0.01316,-0.081933,-0.026052,-0.042999,-0.014284,-0.011053,0.04704,0.0096758,-0.0029217,-0.0051452,0.022439,0.010399
-0.095671,-0.15423,0.027312,-0.22474,0.089371,-0.049535,-0.055652,0.016602,0.040543,-0.066616,0.0045121,0.02853,-0.33359,0.097086,0.047524,0.16985,-0.069573,0.12439,0.063475,0.12653,-0.049654,0.0020005,-0.064595,-0.025997,-0.021672,0.015008,-0.020665,0.018106,0.004562,-0.043708,0.035368,0.0902,0.012886,0.040883,0.0075916,0.062332,0.026785,-0.017209,0.00015117,-0.024924,-0.062267,-0.043495,-0.13162,-0.079697,0.030969,0.033286,-0.048026,0.046809,0.02327,-0.026434,0.038769,0.042688,0.012546,0.0017547,0.038078,-0.056388,-0.024874,-0.092151,-0.027813,-0.015519,0.054866,-0.022209,-0.05444,-0.004611,0.060201,0.052864,-0.0057632,-0.002256,-0.10316,-0.029904,0.032216,-0.0057356,0.059289,0.033009,-0.050519,-0.12457,-0.038694,-0.11632,-0.03415,0.01326,0.020955,0.11633,-0.10259,-0.024928,0.003086,-0.04607,0.011023,0.080203,-0.02973,0.017616,-0.019188,0.028327,0.050984,-0.0021795,0.028562,0.033095,0.079077,0.078784,-0.032333,-0.039105,0.091321,-0.002065,-0.036245,-0.018652,-0.15683,-0.031031,-0.02586,0.065257,-0.00053626,0.018549,0.13139,0.011743,-0.056883,-0.060542,-0.050589,-0.04511,-0.02968,0.046952,0.019947,0.16122,0.084524,-0.014867,0.05602,-0.23756,0.11169,0.050278,0.01083,-0.032299,0.12602,0.01098,0.049681,-0.030462,0.051816,0.039177,0.020926,-0.035266,-0.024884,-0.10001,-0.031389,-0.0094766,-0.11097,-0.042293,-0.01603,0.013413,-0.026874,-0.033377,0.022099,-0.076044,0.091736,-0.017113,0.030806,0.036835,-0.047786,-0.024529,0.049877,-0.002078,0.071251,0.1406,-0.029915,0.057428,-0.0081984,0.0075799,-0.016144,-0.022409,0.057036,0.017933,0.0011176,0.042137,-0.195,0.095398,-0.17205,-0.0067276,-0.019521,0.036334,0.0097767,0.011324,-0.011917,0.028305,0.014527,-0.018384,-0.053802,-0.042841,0.022151,0.0019001,-0.073123,0.010331,0.10391,-0.0099772,-0.11612,0.037664,-0.044448,-0.010058,0.021437,0.014465,-0.021012,0.028757,0.2003,-3.7723e-05,-0.021128,0.031335,-0.021435,0.018301,0.017292,-0.013985,-0.027019,-0.015269,0.010013,-0.0043644,0.0038429,0.18867,0.0086763,0.064259,-0.001408,0.034868,-0.018741
-0.035298,-0.011239,0.086331,-0.02522,0.042013,-0.33908,0.027926,0.10097,-0.098214,-0.068776,-0.10806,-0.019279,-0.092743,0.16332,0.037482,0.23619,0.018997,0.043442,0.059114,-0.080329,-0.018892,0.037559,-0.070751,-0.0025027,0.01226,-0.078648,0.044008,-0.041743,0.01394,-0.0042059,-0.0028985,0.025053,-0.08625,0.041357,-0.075957,0.008294,-0.011412,-0.009233,0.066736,0.02514,-0.0078137,-0.033978,-0.028395,0.030881,-0.0063141,0.0091856,-0.059786,0.054472,0.079211,0.05369,0.051513,0.018356,0.02192,0.037519,0.03109,-0.019634,0.083146,0.013334,-0.033039,0.038087,-0.072189,-0.0062157,0.15674,-0.055017,-0.051174,0.030256,-0.018857,-0.039321,0.0010064,0.017453,0.010724,-0.0031149,-0.12068,-0.04248,0.01261,0.048784,0.0047332,-0.1549,0.039301,0.027512,0.014702,-0.0046023,0.020762,0.056821,-0.026659,-0.082521,-0.052036,-0.033014,0.03059,0.080643,0.00055736,-0.066856,-0.04452,0.050056,0.038893,0.0061991,-0.025246,0.083099,-0.054734,-0.059018,-0.056887,-0.052039,0.020647,-0.0082153,0.034295,0.045586,-0.079785,0.05823,-0.037285,0.067951,-0.1779,0.017326,-0.0056025,-0.063644,0.068852,0.074222,0.030686,0.028702,0.018853,0.035241,0.025516,-0.0033994,0.04096,0.16849,0.018843,-0.052315,0.035886,-0.00033357,-0.13574,-0.0024304,0.05661,-0.14798,-0.011854,-0.18758,-0.029538,-0.079039,0.052433,-0.0045455,0.0073857,0.011637,0.089101,0.014002,-0.033306,0.0070354,-0.04351,0.079649,0.10367,-0.041355,0.046174,-0.048102,-0.14055,0.15518,0.051073,-0.045317,0.022535,0.0078274,-0.041499,0.17478,0.029223,0.07162,-0.084822,-0.15911,-0.085567,0.031125,0.03606,-0.026476,0.058903,0.034033,-0.01827,-0.071063,0.10809,0.032786,0.035274,-0.019178,-0.027981,-0.013983,0.025013,-0.088609,0.014951,0.044061,0.022614,0.056477,-0.030318,-0.00022664,-0.048823,-0.0031946,-0.1363,-0.036481,0.1981,-0.022495,0.0043176,0.070904,0.049859,0.089006,-0.012751,0.040825,-0.10418,0.0054876,0.0054156,0.039219,0.021857,-0.019354,0.016722,0.014092,0.0038096,0.10037,-0.025194,-0.0046489,0.022539,-0.0068189,0.033778,0.087407,0.031084,0.012321,-0.09684
-0.037099,-0.00076006,-0.027727,-0.1154,-0.074718,-0.027715,0.0034922,0.045621,-0.035461,0.025911,-0.14716,-0.019249,-0.051933,-0.050406,-0.16942,0.07442,-0.01357,-0.069989,-0.063427,-0.018096,0.040141,0.0066063,-0.069599,-0.031092,-0.0086845,-0.075583,0.10059,0.0078372,-0.036118,-0.023178,0.020388,-0.11448,0.043252,-0.021644,-0.029336,0.15106,0.0070551,0.0024275,0.02823,-0.0096857,0.03586,-0.00013802,-0.054799,-0.0037231,-0.039779,-0.044135,0.026042,-0.027605,0.019113,-0.015268,-0.006146,0.0029486,0.021869,-0.021707,0.010126,0.033821,-0.042534,-0.070262,-0.0021838,-0.012758,0.0099138,-0.015667,-0.4627,0.034289,-0.073558,0.033328,0.0158,0.03277,0.024561,-0.049068,-0.014977,-0.01686,0.0082017,-0.051746,0.051438,-0.056154,0.010948,0.029406,0.013187,0.001938,0.029223,0.10162,-0.085765,0.092379,0.030822,-0.033421,0.034445,-0.050763,0.052394,0.043175,0.01284,0.040317,-0.026639,0.035874,0.069993,0.081014,0.027719,-0.0063167,0.042704,0.029934,-0.060903,-0.056362,0.0060082,0.030168,-0.056946,0.0060387,0.032082,0.0046788,0.059713,-0.0089504,0.02574,-0.1039,-0.051628,-0.0018671,0.12318,-0.016544,-0.0025052,-0.0080772,0.005942,-0.077825,0.048036,-0.059543,0.033759,-0.21779,0.050721,-0.028111,-0.050655,0.0042757,0.11174,0.19314,3.9626e-05,-0.12267,0.047941,-0.027346,-0.056596,-0.032181,0.034371,0.061822,-0.031742,0.005079,-0.12079,0.019101,-0.043915,0.035936,-0.026138,-0.037977,-0.036787,0.033496,-0.0488,-0.046877,0.045842,0.02459,0.040745,0.065236,-0.024199,0.015951,-0.086952,0.0027058,0.053573,-0.053794,0.023669,-0.0071501,-0.061837,0.03174,-0.07195,-0.018173,-0.0062919,0.073762,0.19947,0.046516,0.20621,-0.013443,0.0013432,0.060332,0.041727,0.0066463,0.034926,-0.010334,0.044011,-0.021689,-0.030819,-0.033102,-0.072801,0.054252,0.043121,-0.023655,-0.27507,-0.017353,0.13475,-0.040637,0.016652,0.04694,-0.016876,-0.024446,-0.030597,0.055332,0.020091,0.026252,0.09191,0.016466,0.008248,-0.015323,0.06554,0.047452,0.0063207,-0.00092888,0.057339,0.037966,0.039907,-0.096445,0.011256,-0.030891,0.025744,0.068159,0.14294
0.035148,0.037624,0.027668,-0.028682,-0.21331,-0.16664,-0.12224,-0.076053,-0.041196,-0.094841,-0.064946,0.021662,-0.070698,0.0020509,-0.091565,0.10649,0.052808,-0.074285,-0.037647,0.036622,-0.063321,-0.041918,-0.0095271,-0.0082529,0.036422,-0.010576,-0.060041,-0.023174,-0.079524,0.018794,-0.011268,-0.030718,-0.018963,-0.059941,0.021062,0.11934,-0.016205,-0.016532,0.0068912,-0.0019189,0.0091284,-0.021701,0.20251,-0.035666,-0.027332,-0.0037595,0.054296,-0.0038415,0.012729,-0.010496,-0.081077,-0.018508,-0.018138,0.026203,-0.0083389,-0.02626,0.032124,0.026134,0.055796,0.063139,-0.075763,0.024479,0.070877,0.10994,0.015076,0.074355,0.038098,0.054841,0.062276,0.049612,0.087799,0.02056,-0.0327,0.056373,0.017443,-0.10287,-0.0056655,0.23067,0.035525,0.0033517,0.029803,0.071038,-0.02192,-0.018059,0.076189,-0.19244,-0.018606,0.014037,-0.067689,0.061777,-0.038909,0.059913,0.011701,0.041798,0.12071,-0.13223,-0.047769,-0.036736,-0.075752,0.0061422,0.017676,0.037078,0.00039832,0.018218,0.12368,0.057644,0.10484,-0.0097281,-0.013854,0.074063,-0.046933,-0.012707,0.026783,0.0028841,0.082315,0.038744,-0.0099492,-0.044504,0.0034459,0.025404,-0.0023455,0.00081194,0.036507,-0.07583,-0.056504,-0.00071133,-0.030228,0.0021814,-0.092331,-0.034411,-0.037186,0.24726,-0.09651,-0.1238,0.095074,-0.041764,0.02779,-0.091993,-0.013047,0.031424,-0.1247,0.065812,-0.0097383,-0.053769,-0.046317,-0.087139,0.013574,-0.090155,-0.033921,-0.11813,0.033962,-0.014293,-0.0011913,-0.0024085,0.017998,0.035718,0.032588,-0.021977,0.019942,0.0038566,0.0072107,-0.040447,-0.011474,0.033394,-0.20565,0.013993,0.043132,0.064292,-0.10383,0.11548,0.21943,0.044248,0.047325,0.0099341,-0.022952,0.0052532,0.031806,0.026614,-0.026193,-0.043462,-0.012325,0.027223,-0.042877,-0.044363,-0.011238,0.073871,0.31781,0.050111,-0.012668,-0.018021,0.029743,0.00072178,-0.017461,-0.032501,-0.0049376,-0.002925,0.10419,-0.028508,0.016981,-0.037925,-0.029307,-0.018317,0.011089,0.0096467,-0.025549,-0.052511,0.0095339,-0.0068236,0.011729,-0.041243,-0.064117,-0.029951,-0.044558,0.043484,-0.053488
-0.012276,0.10688,0.033901,0.020714,0.038605,0.23817,-0.13254,-0.052946,-0.040118,-0.066597,0.052142,0.00014825,-0.092728,-0.0009246,-0.02772,0.060747,0.0093248,0.054783,0.0033196,0.047834,-0.07713,-0.015337,-0.13234,0.0010139,0.02346,0.034474,-0.0069942,0.013426,-0.03696,-0.043256,-0.021641,0.12494,0.14348,-0.029601,-0.022192,0.04673,-0.048043,-0.0064894,-0.021847,-0.049992,-0.045152,-0.046399,0.0081545,-0.062167,-0.0098148,-0.016178,0.020497,-0.087779,-0.07891,-0.039006,0.13665,-0.051857,-0.0087932,0.029586,-0.049359,-0.013663,-0.009277,0.059097,0.0013757,-0.039601,0.0060764,-0.022901,0.27321,0.10259,0.057054,-0.010795,-0.069042,0.055809,0.072071,-0.0051166,0.0078606,-0.011093,0.065779,0.029082,-0.018422,-0.042565,0.023378,-0.19378,-0.031287,-0.022837,-0.022706,0.015373,0.06625,-0.03777,0.0019202,0.074613,0.079274,0.039357,-0.0033405,-0.013463,-0.010747,0.099579,0.041513,0.052485,0.06647,-0.04123,-0.0083891,-0.04598,0.071924,0.056017,0.071226,-0.0099518,0.0091269,-0.026809,-0.085707,0.022736,0.058129,0.037208,0.029708,0.020562,0.1031,0.01927,-0.074276,-0.06391,0.02846,-0.0075532,-0.081918,-0.053055,-0.025334,0.017709,-0.059854,0.044362,0.020843,-0.050184,-0.11495,0.018005,-0.025271,-0.037162,-0.0687,-0.018607,0.01268,-0.014639,-0.043091,-0.15634,-0.0026925,0.037812,0.058765,-0.046555,-0.041086,-0.047598,-0.078566,-0.027763,0.013709,-0.012937,0.029876,-0.039555,-0.013363,0.078082,0.02329,0.10505,0.11269,-0.070114,-0.05416,-0.0034263,-0.0093423,0.032652,-0.0022594,-0.11865,-0.039243,0.032312,-0.0012084,-0.050256,-0.092338,0.026916,0.041739,-0.025644,-0.018753,0.040796,0.046483,0.17855,0.047405,0.029201,-0.012095,-0.0404,0.030669,-0.0059603,0.017952,0.025091,0.0061082,-0.01821,-0.0084717,-0.0352,-0.027338,0.030433,0.016049,0.017853,-0.11584,-0.0098811,0.47713,0.05476,-0.0010915,-0.10552,0.067623,-0.0038512,-0.065518,0.0090583,-0.15458,-0.0392,0.032531,0.02616,-0.040651,0.064957,0.013379,0.031636,-0.031419,0.0023637,0.0026522,-0.015722,-0.021974,-0.02101,-0.039426,-0.003846,-0.034558,-0.0044913,0.049951
0.098282,0.13069,-0.12478,-0.00059124,-0.098973,0.035346,-0.026205,0.081806,0.0080458,0.0055368,-0.0010354,0.0065721,-0.043219,0.044649,-0.091305,-0.15995,0.055922,-0.061027,-0.0069426,-0.012182,0.0070017,0.036515,-0.050162,0.0093976,0.0034743,0.01771,-0.058685,0.01752,0.06614,0.013912,0.018101,-0.03061,0.076825,0.027899,-0.02866,0.034178,0.0065433,-0.0022791,0.082069,0.045181,0.015052,0.022731,0.14798,0.078267,0.083703,0.085732,0.0027301,0.095768,0.04065,-0.006432,-0.13023,0.086845,0.022726,0.057751,0.077442,-0.044192,-0.017747,-0.015995,0.027647,-0.039127,-0.017333,0.019398,0.22076,0.018591,0.030351,0.052297,0.061328,-0.015432,0.0053694,-0.045898,-0.00037959,0.036372,0.044986,0.0020267,0.064121,0.040475,0.021765,0.24209,0.056369,0.0035202,0.011489,0.052508,-0.049145,-0.10615,-0.028144,-0.18193,0.039732,0.078386,0.08447,-0.09807,-0.063759,-0.003594,-0.0099464,0.059081,0.01104,0.02283,0.048326,0.080954,0.0064748,-0.017781,-0.070254,-0.0012812,-0.0093129,-0.01649,-0.14182,-0.037976,-0.0034724,-0.00078345,-0.086537,0.0018556,-0.065348,0.033965,0.073686,-0.031609,-0.023786,-0.010534,-0.0027107,-0.012277,0.049578,-0.0045504,0.007976,0.0085906,0.02503,-0.20516,0.042433,0.035258,-0.01889,0.029872,-0.0016211,-0.026958,0.04018,-0.052939,0.015177,0.0074695,0.13985,-0.077191,0.0048478,-0.072185,-0.001623,0.0028385,-0.035526,-0.0071488,-0.039828,-0.0040061,-0.055971,0.16369,0.0054939,-0.031694,-0.049819,-0.023866,-0.054448,0.084926,0.045589,0.010586,-0.030959,0.027463,-0.043421,-0.067603,0.055219,-0.1127,-0.0048625,0.053912,-0.11688,0.0013023,-0.0027944,-0.040527,0.0015342,0.053431,-0.075463,-0.028348,-0.32273,-0.055436,0.035319,0.077776,0.05023,0.12537,0.029501,0.035814,0.066024,-0.074557,-0.0078523,0.017405,-0.048692,0.023627,-0.053129,0.01633,-0.29577,0.014227,0.088885,-0.015063,0.0027338,0.073181,-0.088892,-0.026581,0.039133,0.005638,-0.087977,-0.031591,-0.13434,-0.021366,-0.035285,-0.05857,-0.035375,-0.081566,0.0046654,-0.031382,0.010549,-0.024883,-0.0047489,-0.026832,0.0065761,0.081469,-0.0059426,0.014485,-0.029189
-0.075703,0.0097839,0.053968,0.012324,0.046955,0.11861,-0.031013,-0.026204,-0.062381,-0.16382,0.099249,0.012371,-0.20207,0.097313,-0.04492,0.033761,-0.036937,0.0085963,-0.031498,-0.027393,-0.12932,0.0085086,0.030809,-0.0068638,0.029786,0.014962,-0.0046808,0.0098785,-0.073555,0.068681,-0.020614,-0.016926,-0.074442,-0.060531,0.0081853,0.049306,-0.043154,-0.04521,0.0054409,0.055046,0.005565,-0.014732,-0.084151,-0.0041857,-0.049036,0.0095091,0.04528,0.004463,0.021943,0.04385,0.0089231,-0.098535,0.066152,0.0076322,-0.085443,0.10389,0.07314,-0.053727,0.0070788,0.065625,-0.010903,-0.0026836,-0.23366,-0.014068,0.052599,0.04904,0.0076583,0.043875,0.086082,0.032339,0.16948,0.0038845,-0.075757,0.096311,-0.016066,0.21019,0.036213,0.098346,0.0045379,-0.14352,-0.024535,0.012324,0.053677,0.23711,0.014683,-0.010518,-0.10841,-0.11657,-0.01092,-0.014808,-0.021766,0.038592,0.01606,-0.0024464,0.02184,-0.040964,0.032961,0.014726,-0.05847,-0.018433,0.034955,0.024826,-0.032083,0.038882,0.12957,0.11245,-0.018356,-0.042201,0.0054476,0.0077629,-0.097678,-0.0080243,-0.013087,0.0032095,-0.023536,0.03419,-0.018206,-0.019249,-0.027316,-0.0069161,-0.026635,0.028335,0.015907,0.028547,-0.13178,-0.0088917,0.01683,0.032273,0.12393,-0.0506,-0.028707,0.13368,0.013538,-0.1157,-0.015058,0.076697,-0.0091289,-0.053742,0.063764,0.018989,0.056682,0.17551,0.11766,-0.073535,0.0053206,0.11595,0.079788,0.10079,0.0086231,-0.10533,0.021809,-0.082412,0.015669,-0.049223,-0.013597,-0.057597,-0.050728,0.006747,-0.018386,0.00044286,-0.041433,-0.055856,-0.03706,0.035413,0.091164,0.04831,-0.018564,0.0069484,-0.023928,0.023017,-0.30262,0.062485,-0.02192,-0.064726,0.037602,-0.057903,-0.0043022,-0.042734,-0.0084315,-0.011862,0.05397,0.06313,0.027887,-0.032772,0.026576,0.007134,-0.18389,0.026903,-0.0046751,0.063041,0.059455,-0.017696,-0.044056,-0.022785,-0.016433,-0.030503,0.0062624,-0.003558,-0.064806,-0.071985,-0.023441,0.015836,-0.053616,-0.11434,-0.031008,-0.082287,-0.06254,0.0025581,-0.022462,0.044066,-0.018226,-0.056534,-0.058626,-0.051556,0.074178
-0.0076357,-0.04993,0.0074074,0.1233,-0.088793,0.21798,0.075771,-0.11081,-0.045732,-0.036905,0.0063216,0.026841,0.0015613,-0.039821,-0.10677,-0.041105,-0.012391,-0.028488,-0.071165,0.064602,-0.022036,0.05032,-0.067723,0.012785,-0.018736,0.016299,-0.095852,0.022841,-0.076152,-0.015836,0.033745,0.046451,0.066544,0.0030997,-0.030029,0.02768,-0.011811,0.019352,0.054834,-0.0077733,0.035291,0.013844,0.16194,0.050907,-0.0084835,0.0097768,0.0039675,0.016087,0.017187,0.014629,-0.014877,0.0056415,-0.012585,0.014142,0.0070913,-0.0081238,0.030245,0.03484,-0.0019024,-0.01462,-0.007625,-0.018832,-0.1791,0.037745,-0.011813,-0.015628,0.022491,-0.011073,-0.015483,0.010796,-0.045309,-0.019079,-0.0080692,0.032859,0.023419,-0.08413,0.023297,-0.030676,-0.0046246,-0.099452,-0.0074389,-0.045059,-0.0061336,-0.18193,-0.042353,-0.069812,-0.033104,-0.022218,0.14709,0.0017339,0.027253,-0.021208,0.0087771,-0.00037968,-0.0013912,0.070934,-0.00092653,0.014948,-0.0012664,-0.012965,-0.091323,-0.055047,0.0059827,-0.021241,-0.14517,0.0069586,-0.10317,-0.014786,-0.016476,-0.036895,0.064876,0.012574,-0.12642,0.034571,-0.025314,0.013479,0.011668,0.004893,-0.016949,-0.021089,-0.045006,0.0082544,-0.022739,0.29214,-0.022629,0.059555,-0.0041243,-0.0089468,0.080319,0.39907,0.019188,0.080186,-0.013897,-0.14349,-0.0064728,-0.03635,0.055906,-0.039177,-0.025769,-0.013456,0.048635,0.0020935,-0.0038517,0.029367,0.026488,-0.030267,0.0491,-0.027235,-0.067375,0.091508,-0.076837,0.01139,0.098773,0.026669,0.0012179,0.0016314,-0.00084639,0.085087,0.040575,0.027045,-0.042124,-0.15441,-0.034376,0.05845,0.047602,0.040231,0.042516,0.0086287,-0.34643,-0.084654,-0.046479,-0.010978,-0.05973,0.016871,0.061365,0.03775,-0.090204,-0.049704,0.00046063,0.007646,0.0010355,-0.0045767,-0.03793,-0.031362,-0.11831,0.040789,0.12037,-0.061742,0.051453,0.032273,7.0685e-05,0.068446,0.013601,0.038064,-0.022807,0.03086,0.03333,-0.030711,0.10419,0.010612,-0.015438,-0.078989,-0.027685,-0.009617,0.05569,0.055542,-0.028219,0.0073123,0.038971,0.033223,0.0088581,0.0061197,0.015781,-0.056221,0.06282
0.010173,-0.012862,0.00094739,0.073822,0.22438,0.024977,-0.055603,0.039233,0.077884,-0.063481,-0.012117,-0.055042,-0.039996,0.051441,0.04396,-0.12613,0.054404,0.037475,0.09528,-0.067103,-0.049953,-0.020581,-0.050298,0.0078821,0.025827,-0.051461,-0.025432,-0.026297,0.081623,-0.019899,0.087127,-0.01722,-0.0062002,-0.013346,-0.008865,-0.016158,0.033068,-0.0087332,0.020929,0.0082379,-0.015016,0.012045,-0.068847,0.01325,-0.052545,-0.019854,0.0096862,-0.053912,-0.034667,-0.022352,-0.042672,0.012336,-0.023671,-0.010816,0.0042864,-0.093673,-0.033453,-0.0086326,0.063547,0.01115,0.063295,0.017157,-0.079903,0.055424,-0.09973,-0.013902,0.038966,0.049362,-0.023578,0.01608,-0.081545,-0.043074,0.063069,-0.024398,0.01686,-0.017008,-0.014491,-0.24836,0.01992,0.021436,0.02976,0.026059,-0.0076313,-0.11196,-0.012202,-0.47348,0.063233,0.012507,-0.028597,0.03222,-0.054274,-0.060334,0.010426,-0.013263,-0.013661,-0.049916,-0.037228,-0.021343,-0.074624,-0.01273,-0.057093,-0.0050244,-0.021366,-0.027749,0.05878,-0.0070571,0.031488,0.013753,-0.0026107,-0.0097549,-0.1506,0.039625,-0.036258,0.055194,0.018552,0.018465,0.0009875,0.017302,0.010627,-0.10054,0.026584,0.041584,0.027521,0.080871,0.061305,-0.064777,-0.012966,-0.0023082,0.14186,-0.03014,0.013055,0.1067,-0.103,0.02949,0.058691,0.033143,0.020485,-0.094417,0.0070442,0.085673,0.081818,-0.096504,0.01793,0.056701,0.030715,0.20123,-0.013351,0.027719,-0.021614,0.092437,-0.026249,-0.070274,-0.044393,0.012456,-0.0071462,-0.020602,-0.01024,-0.094704,-0.037239,0.0010532,0.010666,-0.048347,-0.044729,-0.048049,0.054938,-0.02845,0.048058,0.056731,0.25316,0.075486,-0.06078,0.025541,-0.010294,0.076438,0.12458,0.042991,0.01898,-0.083404,0.012577,-0.041782,0.017124,0.046551,-0.0088444,0.0326,-0.0040378,0.043667,0.13024,0.0094214,0.029445,0.0179,0.037363,-0.045186,-0.0047419,-0.02575,0.0043001,-0.02168,0.15793,0.021336,0.18115,0.0087246,-0.039214,-0.039361,0.0018339,-0.022446,-0.045152,-0.088259,-0.0052867,-0.020276,0.0047766,-0.11539,-0.013206,-0.022503,-0.0018297,0.046015,-0.0027806
-0.10856,-0.074099,-0.12176,0.095104,0.024848,0.069326,0.055235,-0.012725,0.0043994,-0.044869,0.14841,-0.019454,-0.050012,0.11562,0.15158,0.11885,-0.038435,0.034083,0.059427,-0.01607,-0.026905,0.052914,-0.077614,0.078083,0.076515,0.086479,-0.0013108,-0.012004,-0.031347,-0.055083,-0.010057,0.060999,0.13016,0.015257,-0.12151,-0.070788,-0.064665,-0.013095,-0.017883,-0.020339,0.0086801,0.016785,0.032105,0.052898,0.0037537,-0.040016,-0.042465,0.013313,-0.017854,-0.0033819,0.20753,-0.012984,0.020935,0.012535,0.0075843,-0.0033532,-0.05181,0.06185,0.0092744,-0.040723,-0.1109,-0.049543,-0.018375,0.018593,-0.0043121,0.015388,-0.03397,0.016003,0.00088948,-0.045404,0.049745,-0.00064539,0.031778,-0.0086041,0.0029103,0.040061,0.057418,0.16943,-0.0057294,-0.067803,-0.051709,0.11774,0.033491,0.09323,-0.021923,-0.30068,-0.0090092,0.046171,-0.028377,-0.076433,-0.057652,-0.15379,-0.017686,-0.0025235,0.056212,0.0050214,-0.017139,0.0084262,0.018171,0.00037821,-0.0081111,-0.0089316,-0.039682,0.0012193,0.1494,-0.020997,0.083106,-0.019141,-0.064988,-0.031929,0.04072,-0.019346,-0.067446,0.038751,0.0069587,-0.046115,-0.054677,-0.025137,-0.023922,-0.07396,0.047943,-0.059319,-0.00025727,0.00058466,0.0044629,0.0087661,-0.0041176,-0.0074068,0.059928,-0.0041082,0.022685,-0.10062,0.17099,0.15289,-0.072653,-0.052792,-0.091377,0.093877,0.019344,0.0043764,-0.12087,-0.0037086,-0.0039212,-0.041686,0.014934,-0.086802,-0.033187,0.072444,0.0084525,-0.0012204,-0.096413,0.057213,-0.040915,-0.034986,-0.055735,-0.049665,-0.012328,-0.13496,-0.045515,-0.13769,-0.01962,0.017721,0.0034664,0.04717,0.22831,-0.049858,0.00029733,0.077235,-0.20653,-0.027724,0.22949,-0.031556,0.042186,-0.015936,0.025129,0.016255,0.070976,-0.038011,0.041344,0.015889,-0.0084087,0.0093894,-0.04275,0.031826,0.11382,-0.005833,0.046341,0.040102,-0.11091,-0.01384,-0.017619,-0.008838,-0.013427,-0.021647,0.017552,0.029145,-0.20106,-0.0016793,0.01296,-0.0052122,-0.011221,0.016572,-0.0097748,0.042366,-0.019455,0.03621,0.020964,-0.03688,0.01913,-0.07144,0.027019,0.0068467,-0.042959,-0.016628,-0.036191
-0.019121,-0.057883,-0.086847,-0.014837,0.067036,-0.23816,-0.0070878,0.052394,0.03185,0.023729,-0.11454,-0.016211,0.0015614,0.0219,0.089333,-0.10193,0.024327,6.6443e-05,0.070932,0.018735,0.024506,-0.0030177,0.087495,0.02138,0.074538,0.051691,0.23698,-0.050077,0.082654,-0.0388,-0.052549,0.054595,0.024217,0.022141,-0.020968,-0.068931,-0.025905,-0.034098,-0.052916,-0.028523,-0.020681,-0.011035,0.016696,0.069636,0.045079,0.0043674,-0.031804,0.0082866,-0.0059509,-0.018119,0.11786,0.050479,-0.027939,0.047087,0.034734,0.00045239,0.04021,0.094143,-0.018837,-0.026393,-0.050388,-0.0059908,-0.21713,0.098323,-0.014664,0.016571,0.01369,0.019568,0.022068,0.026445,0.10953,0.037228,0.055847,0.0027492,0.010426,0.034135,0.022412,-0.031983,-0.034106,0.05857,-0.037951,0.082464,0.082127,0.014881,-0.041275,0.27251,0.01244,0.1226,0.08261,-0.0089265,-0.040997,0.063001,0.027302,0.019998,0.07888,0.0074203,-0.072395,-0.18664,-0.039706,0.0017288,-0.047244,-0.018564,-0.037034,-0.045886,0.04022,-0.033605,0.011223,-0.053834,0.086809,0.01523,-0.021821,-0.040075,-0.098025,0.027276,0.055141,0.013952,-0.013473,0.012731,-0.020506,-0.048028,0.052742,-0.03756,-0.049792,-0.037858,-0.041402,-0.033396,-0.037446,-0.050431,-0.043695,0.1292,0.023941,0.02806,-0.057736,-0.19646,0.086446,0.0069582,-0.088111,0.074484,0.015532,0.041231,0.061338,-0.027568,-0.053011,0.017362,-0.018668,0.17782,-0.048797,-0.022387,-0.0039348,-0.050087,-0.0020743,-0.054446,-0.043428,0.041066,-0.0014218,0.034729,-0.0076393,-0.25004,-0.10038,-0.016928,-0.017907,0.09941,0.029218,-0.03609,-0.02461,-0.058403,-0.025255,0.10586,-0.21772,0.063612,-0.21591,-0.019978,0.01149,0.012069,-0.017845,0.048537,0.063055,0.0058252,0.009722,0.022937,0.025754,-0.0021467,0.013344,0.0012963,-0.061214,0.034989,0.09539,0.012719,0.085337,0.006123,-0.045122,-0.024671,-0.022423,0.0081197,0.02621,-0.023506,0.026114,-0.024513,0.025812,0.032478,-0.019513,-0.017868,-0.025877,0.060002,-0.00050372,0.040608,-0.016659,-0.0020842,0.015305,-0.13572,0.020413,-0.0072728,-0.022119,0.0016886,-0.18498
-0.0012134,0.025972,0.023953,-0.044717,-0.034637,0.020249,-0.020643,-0.0012558,-0.075254,0.012682,0.04976,0.053607,-0.17359,-0.014005,0.23766,-0.00046003,0.15161,0.033167,0.15416,-0.14334,0.025522,0.00034609,-0.11851,0.079151,-0.0051003,0.042993,-0.080065,0.050901,0.017841,0.030072,0.037915,0.019395,-0.0058051,0.038907,-0.016641,0.1097,0.01881,-0.015391,-0.010647,0.087042,0.023192,0.0088544,0.017923,-0.0004241,0.072423,0.063441,-0.035422,0.072852,0.11305,0.065522,-0.0078144,0.037994,0.014355,0.0042293,0.031558,0.035901,0.042679,-0.034123,-0.011003,-0.0094573,0.18019,0.0027494,-0.14835,0.00060155,0.070577,0.015744,-0.0080094,-0.018439,-0.032963,0.017559,0.05311,0.060434,0.027084,0.0077879,0.0047998,0.17199,-0.015825,-0.10906,0.057897,0.036584,0.039,-0.092519,-0.065652,-0.16474,0.022818,-0.093679,-0.084418,0.010614,0.16155,-0.023583,0.016107,0.040308,-0.0050868,-0.03241,-0.044468,0.19941,0.035801,-0.01244,0.053021,-0.014136,-0.019512,-0.017128,-0.039708,-0.0072258,0.16095,0.11307,0.019796,0.025647,-0.02343,0.055269,0.14821,-0.054158,-0.033518,-0.021589,-0.048638,0.010573,-0.022943,-0.012018,-0.025861,0.0090055,-0.098626,-0.03728,-0.09496,-0.071746,0.01121,-0.02378,-0.0090027,0.0097805,-0.19688,0.023383,-0.0562,-0.02609,0.085958,0.040523,-0.0024327,0.0034802,-0.028013,0.079282,0.0070052,-0.010669,0.06193,-0.10203,0.0020654,-0.012407,-0.029852,-0.15185,0.040546,-0.0015674,-0.10196,-0.047024,0.058864,-0.0015317,-0.063667,-0.058977,0.036886,-0.070255,-0.011841,-0.02847,-0.019812,-0.029453,-0.023445,-0.026022,-0.068801,-0.0030458,-0.29184,-0.05007,-0.031977,-0.090106,0.055456,-0.17265,-0.062246,0.040816,-0.009072,-0.010557,0.0048425,0.0007168,0.027446,0.038236,-0.0019422,-0.025789,0.050533,-0.037617,0.04058,-0.0039438,0.046028,-0.019698,0.16075,0.00080997,0.11766,0.026564,0.017763,0.0097331,-0.061616,-0.038732,0.0018019,-0.077722,-0.10801,0.020398,-0.05457,-0.015185,0.0033312,-0.012838,-0.031759,0.048819,-0.067064,-0.032353,-0.025421,-0.046526,0.0024404,-0.067661,0.015134,-0.05911,-0.060952,0.008227,0.059549
0.005783,-0.18094,-0.040607,0.034277,0.055354,0.099696,0.094362,-0.038061,-0.0053352,-0.064996,-0.15185,-0.019491,0.2064,0.070966,0.0086095,0.11823,-0.083098,-0.013121,-0.049421,-0.1734,-0.082484,0.040264,0.034985,0.036276,0.0090139,0.032652,0.092081,0.02589,-0.016724,-0.0002818,0.028173,-0.0036719,0.015656,0.0037214,0.015339,0.063123,0.0037764,-0.0027126,0.097999,0.052713,0.029378,0.065385,0.18562,0.086672,-0.0073329,0.062323,0.0052494,0.043676,0.087079,0.079503,-0.013601,-0.064146,0.02841,-0.022585,-0.070975,0.019318,0.023479,-0.0582,-0.018672,-0.002974,-0.07552,-0.0074202,0.044878,-0.0019204,0.019062,0.024651,-0.040421,-0.0063223,-0.022871,-0.041652,0.091754,-0.0074184,0.041185,-0.014449,0.026884,0.060518,0.007433,-0.18338,-0.001523,-0.078423,-0.029896,0.017814,0.020114,0.011885,-0.0037378,-0.02698,0.090279,-0.0099199,-0.046331,-0.0432,0.00097125,0.059687,-0.054448,-0.12298,-0.01522,-0.056807,0.075595,0.0035126,0.011522,0.027287,-0.033635,0.033897,0.016228,-0.032033,0.074488,-0.063113,0.056265,-0.059245,0.018542,-0.066987,-0.036055,-0.029828,0.050505,0.043394,-0.044981,-0.028923,-0.025802,0.014768,0.050788,0.036596,-0.018539,-0.11323,-0.068664,-0.24593,-0.019861,-0.037071,-0.012348,-0.0076383,-0.16416,0.051021,0.029242,0.14668,0.039075,-0.12912,0.05539,-0.021073,0.019452,-0.1097,-0.020072,-0.026452,0.028762,-0.069972,-0.078046,-0.02899,-0.08431,-0.14345,0.032607,-0.037328,0.026897,-0.1276,0.042039,0.039536,0.034276,0.036859,-0.015673,0.060029,0.014154,0.11095,0.058618,0.023581,0.062298,0.23675,-0.0097487,0.089182,0.29598,0.033216,0.0055341,-0.022819,0.12688,-0.13462,-0.10302,-0.010185,-0.058488,0.011972,-0.017425,0.019522,-0.090714,0.014518,0.00026923,-0.025212,-0.053202,-0.06119,-0.057507,-0.024667,-0.0010596,-0.052043,0.083803,-0.019428,0.035903,-0.027386,-0.067565,-0.010566,-0.0054991,-0.020548,-0.06056,0.008664,0.006972,0.010803,0.16025,-0.010919,-0.017222,-0.032547,-0.027871,0.0091754,-0.063601,0.030815,0.0063421,-0.041809,-0.030706,-0.00012199,-0.0069064,-0.036436,0.01371,-0.00087988,0.0032902
0.017657,0.076024,-0.088773,0.067825,-0.066183,-0.046554,0.027436,-0.016189,-0.10636,0.16764,-0.027462,-0.017865,0.00056286,-0.018122,0.12456,-0.03763,0.014525,0.024094,0.080666,0.072459,0.12472,-0.030634,0.093046,0.012612,0.0046691,-0.00031648,-0.081742,0.032016,-0.0016163,0.034037,-0.015001,0.033246,0.026543,0.026872,0.085126,-0.047329,0.037883,0.003842,-0.075762,0.012785,0.0024172,0.033209,0.030703,-0.078052,0.013613,-0.02664,0.027125,0.0073038,-0.053164,-0.036759,0.016843,0.026021,-0.013934,0.02112,0.029147,0.11928,-0.018488,0.063286,-0.06498,-0.031548,-0.022077,-0.029896,-0.02322,0.059669,0.020175,-0.0088078,0.0022331,-0.014895,-0.036224,-0.040696,0.052281,-0.007761,-0.080145,0.00025182,0.0033145,0.14788,0.0037556,0.10533,-0.021799,0.051433,-0.026321,0.0073824,-0.01562,0.079194,-0.028299,-0.26142,-0.012402,0.022639,-0.16779,-0.11684,0.02055,-0.023255,-0.0056544,-0.032368,0.075928,-0.082642,-0.064634,-0.021198,0.021245,0.0079302,0.048778,-0.05625,0.037063,-0.025154,0.040536,-0.027984,-0.013378,-0.069588,0.027424,6.2967e-05,0.20836,0.0046955,-0.19856,-0.08843,-0.052709,0.002285,-0.048435,-0.010644,0.034734,0.045611,-0.077786,-0.018067,-0.042148,0.045141,-0.007534,0.054961,0.0008538,0.0082865,-0.034137,0.094801,0.057489,-0.045057,-0.063724,-0.21962,-0.051477,-0.058266,0.019133,0.081193,-0.017777,-0.039724,0.083366,-0.12407,0.051332,0.007222,0.021231,-0.12097,-0.036235,-0.11827,0.067202,-0.079935,-0.14612,0.035653,0.019295,-0.027279,-0.0024939,0.026642,-0.030181,-0.06129,-0.032768,0.054861,-0.00014364,-0.0087422,0.064752,0.090761,0.090189,0.068838,-0.046742,-0.032239,0.21351,0.069818,-0.074295,-0.068637,0.029986,-0.013019,-0.080794,-0.048399,-0.010624,-0.017606,0.032294,0.0069307,-0.034181,0.0012407,-0.023856,-0.060478,-0.01383,-0.0095633,-0.074471,0.017559,0.1092,0.0011225,-0.00086768,0.030597,0.020968,0.019022,0.0093142,-0.011875,0.33305,0.0089825,-0.11933,0.029664,0.0067191,0.051115,0.064457,-0.033714,0.082891,-0.025386,0.06971,0.044693,-0.0019328,0.13349,0.036914,0.07662,0.020334,-0.065589,0.038495
-0.0070087,0.044475,0.1253,-0.015156,0.13269,-0.15945,0.014848,-0.00848,-0.011631,0.1076,0.0202,-0.03856,-0.025178,0.0055604,0.18308,0.034439,0.085665,0.029449,0.11849,-0.088527,0.067057,-0.016413,0.044041,-0.017856,-0.0001143,-0.019804,0.032084,0.015583,-0.014795,0.017184,-0.011647,-0.00065883,-0.035881,-0.038285,0.039054,0.022916,0.0043582,0.019129,0.07201,0.0057839,0.035951,0.022641,-0.030487,0.098986,-0.031354,-0.0010346,0.039669,-0.03948,-0.012727,-0.0035708,0.11689,-0.048484,0.0086447,-0.019354,-0.04708,0.07687,-0.030673,0.027749,0.075979,0.11121,-0.012952,0.03816,0.10448,-0.040662,-0.037607,0.041571,0.012468,0.086045,0.058931,-0.0022229,-0.18849,-0.010624,-0.01394,0.0040102,-0.036202,-0.096896,0.052751,0.0251,0.015928,0.042012,0.020793,0.013154,-0.043105,-0.32383,0.017205,-0.043224,0.033145,-0.054512,0.032145,0.15519,-0.03971,-0.0046891,-0.019922,0.037368,0.14133,-0.0027961,0.0020119,-0.026533,-0.089775,0.013229,0.036693,0.030002,0.0043523,-0.076289,-0.011211,-0.0046233,0.017306,-0.04615,0.049797,-0.047787,0.11575,-0.018183,0.023511,-0.017514,0.036977,-0.063263,-0.026291,-0.047096,-0.028033,-0.09852,0.12017,-0.032829,0.064559,0.068028,-0.079082,0.069055,-0.01584,-0.0095446,-0.05267,0.016634,-0.074396,0.054252,0.073719,-0.15312,0.028872,-0.065906,0.066621,0.0014443,-0.0042024,-0.052621,-0.015968,0.14806,0.0015218,-0.015546,0.049817,-0.19512,-0.046192,0.13367,-0.056047,-0.0048169,0.047777,-0.098304,-0.0198,0.020373,0.023904,0.080078,-0.020446,0.02193,0.017894,-0.098311,0.067445,0.03431,0.035584,0.051739,0.048729,-0.0062875,0.0068474,0.09093,-0.093256,0.0052575,-0.10506,0.033096,-0.081993,0.039948,-0.0005532,-0.088105,-0.062937,-0.03196,-0.054048,-0.080385,-0.078314,-0.026024,0.049992,-0.016292,-0.0030992,-0.078443,-0.26901,-0.002724,-0.20393,-0.039991,-0.025092,-0.02704,0.028892,-0.051994,-0.058822,-0.03818,0.086849,-0.033865,-0.043022,-0.065517,0.014982,-0.032256,-0.0068301,-0.035599,-0.027033,0.053711,0.0034447,-0.041458,-0.025146,-0.10221,-0.031076,-0.066772,-0.068231,0.0028436,0.1285
0.0090521,0.073393,0.056442,-0.095587,-0.085146,0.047756,-0.021423,-0.032012,0.013565,0.08197,0.020194,-0.054168,0.024643,-0.020894,0.08801,-0.011387,-0.01565,-0.019516,-0.022104,-0.12216,0.039246,0.014551,0.046171,-0.049535,-0.039679,-0.050135,-0.076188,0.0044085,-0.050681,-0.016846,0.012613,0.033853,-0.017164,-0.0058231,-0.060789,0.050313,-0.025746,0.017829,-0.008097,-0.053035,-0.019731,-0.058625,0.11423,0.00015819,-0.0072051,0.042398,0.0056174,0.0047527,0.013838,0.00076199,0.030949,-0.024535,0.00029454,0.062698,-0.0060681,-0.063243,0.061058,0.071945,0.050567,0.058123,0.02094,0.039704,0.14163,0.032043,0.019698,0.066602,-0.008106,0.0070213,0.10391,0.047414,0.16202,-0.0284,0.043625,0.025013,0.027058,-0.054534,0.028156,-0.15906,0.0068995,-0.0065191,0.043695,0.086409,0.13491,0.35131,-0.039036,-0.17651,0.060173,0.0099577,-0.074696,0.019305,0.042733,-0.054255,-0.011885,-0.028227,-0.027465,-0.04742,-0.051007,-0.033677,-0.046929,-0.056338,-0.10942,-0.088669,-0.032066,-0.012963,-0.0023061,-0.073817,-0.12243,-0.02451,0.038591,-0.033707,-0.093954,0.0027615,0.043339,0.08985,0.069705,-0.030709,0.037814,-0.016934,-0.036393,-0.071186,-0.033954,0.01812,0.057136,-0.057307,-0.02641,0.017042,0.0096769,-0.0068451,-0.068849,0.25556,-0.011472,-0.16921,0.016919,0.027906,-0.0084014,0.033241,0.023628,0.058059,0.016843,0.019071,-0.1311,-0.0065893,0.060446,-0.01386,0.036812,-0.10108,0.038783,0.047266,0.042366,0.207,0.090126,0.016933,0.010291,-0.026643,0.02176,0.0019664,0.013099,-0.03087,-0.02372,0.096337,0.005728,0.11863,0.039882,-0.17386,-0.26398,-0.060206,-0.035422,-0.00067883,-0.085269,-0.098987,-0.16752,-0.014454,-0.0031171,-0.043027,-0.0076008,-0.071301,0.051645,0.0074044,-0.017974,0.070266,-0.019677,-0.0079504,0.082371,-0.01891,0.01702,0.00090578,-0.081887,0.0023635,-0.1348,-0.034656,-0.02387,-0.054859,0.062142,0.02814,-0.044532,0.034665,0.098125,0.036861,0.088711,0.034491,0.036467,-0.0212,-0.0038743,-0.024782,-0.026089,-0.0095076,-0.028035,-0.012408,-0.024986,-0.0036845,-0.016183,0.019684,0.020598,0.0042718,0.064161
0.021414,0.039607,-0.0020684,0.031685,-0.0068306,-0.03412,0.059514,0.041391,-0.03714,-0.14695,0.052801,0.03767,-0.20423,-0.059227,-0.071819,-0.20279,0.079613,0.044755,0.010398,0.12793,-0.055972,-0.032496,-0.047902,0.055397,0.025197,0.033936,-0.10063,-0.0089169,-0.011157,0.036404,-0.017444,-0.035388,-0.063764,-0.0028938,-0.021606,-0.052818,0.027612,-0.022148,-0.020953,-0.00010728,-0.043667,0.027345,0.060769,0.045397,0.03157,0.050302,-0.044784,-0.0069363,-0.081548,-0.022593,-0.10314,0.075878,-0.040841,-0.010909,0.074174,-0.050907,-0.043095,-0.062711,0.054744,0.033577,-0.01204,0.022742,0.027188,-0.061329,0.039848,0.0023496,0.084602,-0.0040395,0.027689,0.03572,0.058906,-0.003541,0.069952,0.027918,-0.00099207,-0.048018,0.013985,-0.02504,0.046402,0.028856,0.022918,-0.03381,0.017914,0.11015,0.00096606,0.11352,0.0073909,-0.0013863,0.11025,0.0030518,-0.012955,0.0026127,-0.004865,-0.12423,-0.021383,0.063485,0.051787,-0.11114,-0.22284,-0.083779,0.0213,-0.025488,-0.084881,-0.038848,0.0076636,-0.069453,-0.082468,0.041306,-0.032018,-0.012869,0.0038666,-0.013967,-0.0098765,0.013069,-0.11309,-0.018431,0.042709,0.052437,0.038306,-0.047256,-0.05573,-0.018684,-0.033454,-0.058923,0.014076,-0.10877,-0.015441,-0.0059392,-0.28881,-0.0063798,-0.040301,0.048057,0.10097,-0.096982,0.012664,0.025158,0.013832,-0.03598,0.037143,0.027882,0.037912,-0.035768,-0.0016731,0.017642,0.057882,0.013074,0.016252,0.07251,0.0065785,0.042236,0.058769,0.0014226,-0.028349,-0.009741,-0.0032779,0.012762,0.022756,-0.025772,-0.071053,-0.051307,-0.046103,0.092511,-0.013873,-0.0303,0.28324,-0.078413,0.049875,0.017888,-0.051038,-0.032948,0.29825,0.00010534,0.014728,0.033624,0.011389,-0.028562,0.022548,0.0037125,0.032167,0.062239,0.0091847,0.055816,0.058815,0.028982,0.037738,-0.0082495,-0.092131,-0.0022485,-0.0083397,0.043357,0.047091,0.099894,0.043802,0.020169,0.062831,0.018503,0.24322,0.069074,-0.037335,0.04512,0.078531,0.0083144,0.016245,0.029363,-0.02016,-0.064964,-0.00282,-0.030622,0.015702,-0.079839,0.016594,0.079793,-0.021211,-0.011605,0.23393
-0.030029,-0.19077,-0.066571,-0.030448,0.1099,0.11766,0.088504,0.012252,0.013878,-0.23555,0.032065,-0.0043783,0.078085,0.070511,-0.0051841,-0.11454,-0.064918,0.028589,0.033065,0.074486,-0.14147,0.047484,0.12613,0.0541,0.0040697,0.024758,-0.033261,-0.05417,-0.024006,-0.025806,-0.0015675,-0.02973,0.019618,0.02043,0.006855,0.069857,-0.021334,0.012827,0.047916,0.036465,0.016497,0.0079532,-0.19575,0.048045,0.049069,-0.097963,-0.00076704,0.032759,0.0072524,-0.0070452,-0.10594,0.069453,0.044479,-0.051986,0.08264,0.065715,-0.034593,0.04618,-0.053232,0.0021802,3.5273e-05,-0.040727,-0.055289,-0.020172,-0.0053048,-0.06482,0.018056,-0.01931,0.027487,-0.018988,-0.15071,0.019793,-0.10456,0.047899,-0.044137,-0.099766,0.049445,-0.14834,-0.024472,-0.028947,-0.076692,-0.11135,0.076399,-0.039392,-0.0099627,-0.11937,0.0094836,0.057813,-0.10458,-0.032102,-0.032377,-0.04185,0.026389,-0.13123,0.026169,-0.078256,-0.053837,0.018561,0.03918,-0.0079897,0.044521,-0.031201,0.0046004,-2.7886e-05,0.046937,0.030194,-0.0060832,-0.031004,-0.05089,0.071838,0.043539,-0.012121,-0.046316,0.00076693,-0.001821,0.010493,-0.014447,-0.049126,-0.014226,0.016685,0.026265,0.00073141,-0.12853,-0.092886,-0.044615,-0.047323,0.024633,0.00804,-0.16044,0.020004,0.046652,0.0029929,-0.075522,-0.11381,0.076892,-0.038433,0.048243,0.020972,0.022152,0.0064978,-0.022,0.15925,-0.0078832,0.057756,0.05056,0.017918,-0.01677,0.010495,0.019033,0.046178,-0.11042,0.011418,0.069041,0.021996,0.050812,0.042266,0.018314,-0.0016554,0.031185,0.00082825,0.003744,0.25584,0.084978,0.021842,-0.3532,0.056649,0.08,0.044332,-0.08628,0.067232,0.085651,-0.012961,0.068467,-0.031935,0.045663,-0.062838,-0.012619,0.040483,0.057448,-0.029361,-0.032632,0.065853,-0.038926,0.015825,0.022287,0.0215,-0.11028,0.013289,-0.027739,0.047364,0.042375,0.064793,-0.024301,0.01635,-0.037844,0.023729,-0.11402,0.0019731,-0.15881,-0.012593,-0.020636,0.036182,0.072532,-0.018262,0.022743,0.0203,0.00046046,0.010787,0.056739,0.016841,0.042496,0.054131,0.048438,-0.049346,-0.0029857
-0.075736,-0.21188,-0.028271,0.033576,-0.046178,0.068434,-0.078609,-0.011012,-0.062023,-0.0058377,0.12976,0.007498,0.081111,0.070834,-0.02177,0.25915,-0.12249,-0.043832,-0.09863,-0.10304,0.00979,0.0054535,-0.10077,0.045038,-0.055844,0.0035993,-0.083432,0.0068094,0.063267,-0.079434,0.012685,-0.021348,0.091175,-0.0064334,-0.15781,-0.011185,0.048677,0.0057044,0.043022,0.040768,0.020713,0.036049,-0.12539,0.0022586,-0.016938,-0.0092447,0.001825,-0.024177,-0.0028385,-0.0053114,0.121,-0.080055,-0.027128,-0.00753,-0.093008,-0.0047587,-0.046959,0.051946,0.036355,-0.0079658,0.061082,0.01899,0.01486,-0.017969,0.005435,-0.032952,-0.04489,0.074435,0.045053,0.0045634,-0.014425,0.0093983,0.14318,-0.0187,-0.013737,-0.11816,-0.0039324,0.24763,0.020913,-0.010109,0.005807,0.018755,-0.080623,0.0010764,0.024646,0.0064541,0.098367,-0.057236,0.050451,0.021204,0.026231,0.094551,-0.055466,0.022177,0.005524,-0.0063655,-0.016007,0.0058091,0.023421,-0.036067,0.040503,-0.044879,0.032839,-0.033124,0.054964,0.0028737,0.029902,-0.02581,-0.05001,0.017635,0.075181,0.0073456,0.015832,-0.11116,0.020756,-0.01054,0.035825,0.029865,0.0053364,-0.04365,-0.056316,-0.067488,0.014127,0.09575,0.087627,-0.048834,-0.080697,0.0023732,-0.26718,-0.0014637,-0.08967,-0.063773,-0.12729,-0.042507,-0.045679,-0.0092213,-0.009327,0.040154,-0.00074558,0.049318,0.15531,0.051384,-0.046534,0.011972,0.037733,0.31446,-0.026603,0.054692,-0.031587,0.11733,0.066945,0.049582,-0.036951,0.011004,-0.052547,-0.079853,0.004975,0.018925,-0.0010922,-0.052104,0.032764,0.11501,-0.10678,-0.046231,-0.072303,0.021332,0.019227,-0.023056,0.046214,-0.022974,-0.1165,-0.028876,-0.036848,0.005778,-0.075151,-0.066092,-0.013243,-0.009035,-0.019485,0.01876,0.05869,0.0090966,-0.047079,-0.004751,-0.025466,-0.010939,0.043185,-0.044861,-0.0088095,-0.042123,0.008049,0.0047487,-0.028601,-0.051751,0.068685,0.0051615,0.22792,-0.061305,-0.039158,0.064878,0.033267,0.017607,0.0018928,0.088433,0.018293,0.010831,0.062892,0.0085142,0.055419,0.035664,0.00027375,0.038579,-0.0099912,0.062632,0.044922
0.079489,0.16241,-0.0017688,0.035882,0.030416,0.10727,0.035202,-0.017068,0.076197,0.18582,-0.077103,-0.023443,-0.084394,0.011217,-0.0081461,0.036366,0.058687,-0.02365,0.031237,0.0034287,0.1548,-0.023479,0.00060454,-0.0065323,0.042488,-0.066146,-0.013169,0.011524,-0.005998,0.0055557,-0.012356,-0.047486,0.04176,0.016685,0.079554,0.018339,0.0002822,0.0056892,-0.028516,-0.017815,-0.015122,0.01436,0.039279,0.0017197,0.016476,0.018596,-0.045347,-0.053568,-0.075941,-0.00133,0.0067034,-0.03201,-0.010298,-0.021301,-0.04748,0.040136,-0.033802,-0.067651,-0.090321,-0.022247,-0.068956,-0.061335,-0.088889,-0.07807,-0.044517,-0.058749,-0.050662,-0.070437,-0.11728,-0.081038,-0.17051,-0.051961,-0.075376,-0.12238,-0.03843,-0.14106,-0.075358,0.018697,-0.0083174,-0.016325,-0.021397,-0.028487,0.076184,-0.021929,0.061395,0.0021345,0.067345,0.0024732,0.031298,0.02479,0.021425,-0.1064,-0.067351,0.076399,0.039491,-0.056544,0.036426,-0.0029754,-0.11555,-0.07351,-0.0017247,-0.015501,-0.011999,-0.031753,0.15716,-0.10359,-0.061504,0.020811,0.092274,-0.015498,-0.10068,-0.047111,0.056921,0.056263,0.012175,0.0091185,-0.061528,-0.017663,-0.00072991,0.017364,-0.13051,-0.024245,0.012844,-0.028273,-0.035797,-0.076308,0.0030967,-0.021537,-0.079508,-0.054365,0.046597,0.075813,0.031314,-0.11604,-0.10947,0.03363,0.017859,-0.01178,0.0075477,0.026956,-0.21977,0.03,0.0078726,-0.017427,-0.020261,0.12837,0.0093835,0.091767,0.067918,-0.093874,-0.080714,0.065366,-0.00076888,0.011622,0.0047396,-0.17917,0.014613,0.08532,-0.012965,-0.11751,0.0047871,0.072156,-0.060717,0.027873,-0.042103,-0.057263,0.011037,0.06605,-0.047496,0.069062,-0.2317,0.031621,0.033,-0.0075599,-0.011841,-0.03961,0.032912,0.049808,0.025692,0.067487,-0.0018866,0.03017,-0.011143,0.057418,0.091277,0.038826,0.21739,0.050144,0.057205,0.00071225,0.059837,0.034009,0.1328,0.058875,0.035001,0.024152,-0.13176,0.066908,-0.025336,0.034223,0.071478,0.094654,0.025434,0.032035,-0.0226,0.11564,0.015743,-0.031132,0.049526,0.13272,0.047664,0.049768,0.017096,0.040497,0.21839
0.032375,-0.025758,0.045683,0.051191,0.1402,0.029329,0.035352,-0.021672,-0.11606,0.1407,-0.1712,0.044893,0.14785,-0.016618,-0.087141,-0.025154,0.0063897,0.0088556,0.0082526,0.085433,0.062586,0.0034237,-0.033704,0.074081,0.0054514,0.056417,0.14913,-0.065551,-0.079911,0.0030308,0.023611,-0.13395,-0.020622,-0.013524,0.084096,0.061764,0.084316,0.013071,0.027664,0.027727,-0.026366,0.001491,0.0035368,0.096144,-0.013144,-0.0072396,0.055406,-0.0095106,-0.046526,-0.068832,-0.053292,-0.0082498,0.009679,-0.056051,-0.018874,-0.015215,-0.042209,-0.052263,0.064238,-0.038836,0.17087,-0.022674,0.11256,0.043286,-0.0013204,-0.021355,0.070484,0.069286,-0.023192,-0.0073136,0.11476,0.020013,0.055963,0.061101,-0.011551,0.098868,0.041024,-0.17468,0.0013013,0.081187,-0.023029,0.035325,-0.12458,0.23714,0.068354,-0.011408,0.060771,-0.012864,0.049137,-0.049997,-0.051682,-0.053894,0.024465,-0.10109,0.096215,0.044237,0.013,0.12599,-0.011721,-0.032549,0.024312,-0.093505,-0.022649,-0.035283,0.12031,-0.065013,-0.013377,-0.004734,-0.094692,0.013426,0.11196,0.0026071,0.078829,-0.087356,-0.0016452,0.0025548,-0.016685,-0.059295,0.0062028,-0.068068,0.051051,-0.073345,-0.070811,0.10471,0.035984,-0.004031,0.00169,-0.0058982,0.023213,-0.21659,0.01386,-0.097167,-0.13186,0.10227,-0.052977,-0.052708,0.050711,0.052608,0.051015,-0.071202,-0.089221,-0.0014292,0.013236,0.010719,-0.0094551,0.02087,-0.035558,0.018238,-0.036556,-0.12131,-0.024519,0.023338,0.040159,0.029483,0.021896,-0.06178,-0.022446,-0.014604,0.075473,-0.052684,0.021912,-0.1303,-0.039543,0.011691,-0.054894,0.052589,0.017965,0.080216,-0.31909,0.031185,-0.039877,-0.043202,-0.04179,0.008258,-0.036854,-0.0868,-0.061971,-4.9612e-06,-0.0010179,-0.055341,0.010477,-0.044945,-0.076313,-0.012301,-0.035433,0.017914,0.029689,-0.059147,0.071913,0.041282,0.016996,0.028798,-0.042152,-0.047452,-0.02572,-0.043805,0.084338,-0.032168,0.061006,-0.037085,-0.060865,0.015711,0.070367,0.039012,-0.0069715,-0.11156,-0.0039401,-0.024297,-0.025862,-0.058861,-0.015943,-0.031981,-0.053071,0.0035619,0.12046
0.049783,0.047011,-0.15188,0.13057,-0.16779,-0.014344,0.068332,-0.0097464,0.11142,-0.013667,0.084356,0.048368,0.21062,0.070206,0.255,-0.020286,0.08139,-0.02592,0.074051,-0.035375,-0.022062,0.069663,-0.005721,0.074366,-0.0046449,0.10604,0.015854,-0.0033499,0.015642,-0.092932,0.018408,0.090724,0.12846,-0.0055104,-0.15045,0.041643,-0.042245,0.0022553,0.072411,0.012609,-0.0016776,0.056571,-0.010312,-0.01752,-0.01456,0.033623,-0.0010981,0.0043211,-0.045675,0.054218,-0.072178,-0.065032,0.071487,-0.0039192,-0.066913,-0.0066168,0.0053001,-0.10892,-0.035592,-0.0035676,-0.02769,-0.037119,-0.088896,0.080729,0.061232,0.012949,-0.048847,0.00026085,-0.026831,-0.0036737,-0.0005034,0.015535,0.031494,0.049144,-0.068473,-0.11456,0.035996,-0.17058,-0.017122,-0.092717,0.0096084,0.028075,0.075299,0.030028,0.022105,0.14998,-0.065574,-0.01211,-0.057644,-0.022302,-0.068206,0.051762,0.015569,0.041348,0.10495,-0.1114,0.076575,0.023878,-0.10714,-0.080492,-0.17585,0.023813,-0.021211,-0.022009,-0.029325,-0.00064845,0.055617,-0.0015184,-0.0089483,0.0040085,-0.063384,-0.0074343,-0.087124,-0.077187,-0.054201,0.021677,-0.00078729,0.0061708,-0.0013502,0.031674,0.028067,0.0022659,0.00064035,0.03459,-0.075926,0.029656,0.0007982,-0.019077,0.08399,-0.22599,-0.022822,-0.034169,0.060808,-0.012602,0.089607,0.042352,-0.11561,-0.01323,-0.048445,-0.010932,-0.11086,-0.022178,0.026686,-0.10023,-0.045487,0.017381,0.048389,-0.071228,-0.014338,0.008242,-0.027138,-0.076931,-0.038511,0.019647,-0.059641,0.062557,-0.020421,0.069,0.044606,-0.082629,-0.068855,-0.1848,-0.043406,0.058758,-0.15475,-0.052451,0.087803,0.033532,0.037051,-0.097405,0.069308,-0.0036582,-0.035325,-0.011738,0.031191,0.057055,0.027367,0.03788,0.0061645,-0.045326,0.015781,-0.0048086,0.01618,0.045999,-0.039113,0.0035282,-0.1094,-0.015477,-0.0038484,0.00054383,0.012615,0.0023096,-0.012383,-0.0085565,0.063829,0.073735,0.25227,-0.019427,-0.0034999,-0.0097201,0.02144,-0.039834,-0.016208,0.012026,0.0019938,0.056213,-0.013615,-0.019958,0.064553,0.12177,0.024904,0.035799,0.0056453,0.089031,0.097019
0.052062,0.1232,0.091362,0.061629,0.050262,-0.10782,0.00037109,-0.053628,-0.034479,-0.088337,-0.050417,-0.024193,-0.10001,-0.0264,0.086124,0.013075,0.064507,-0.0086288,0.074739,0.1688,-0.025194,-0.083833,-0.041995,-0.022469,-0.028823,0.09855,0.035453,0.012446,0.039963,0.0035432,-0.026394,0.050456,-0.027746,-0.056895,0.10451,-0.10392,0.037611,-0.0066281,-0.022609,-0.0080336,0.016857,0.00090043,0.23216,0.043119,-0.012112,0.10998,-0.014298,-0.11103,-0.11129,-0.062261,0.077851,-0.095215,-0.039224,-0.031287,-0.088709,-0.14886,-0.01256,0.028805,-0.065875,-0.082758,-0.0098193,-0.071223,-0.15393,0.015171,0.0070677,-0.10667,-0.046684,-0.010336,0.040007,-0.012463,-0.058871,-0.044539,0.068237,-0.021969,-0.0073294,-0.047281,-0.041481,-0.018624,-0.013909,0.0063617,-0.02097,-0.0223,0.069962,0.13173,0.021596,-0.11095,0.14153,-0.085668,0.062643,0.00067238,0.061693,0.025784,-0.014495,-0.033547,-0.0014666,-0.0064862,0.099783,0.041738,-0.016909,0.11301,0.036143,0.011605,0.09113,-0.043267,0.10585,-0.02924,0.071557,0.049865,-0.052827,0.026046,0.040147,-0.056892,0.060272,0.10248,-0.0453,0.034597,-0.0086247,-0.0040857,0.089014,0.1025,0.037781,0.0028782,0.0073586,0.038868,0.082042,0.13055,0.032553,0.014686,0.031554,0.051634,-0.044296,-0.031649,0.11555,0.01856,0.096381,0.029281,-0.039423,-0.043209,0.02967,-0.005642,0.083678,-0.027333,0.067353,-0.021447,-0.045847,0.23139,-0.021004,-0.086497,0.01948,0.10734,-0.056887,0.023506,0.011541,-0.03966,-0.038217,0.066345,0.00322,0.092062,0.094941,0.025908,0.067338,0.20419,-0.0052827,0.12161,-0.14196,0.068565,-0.019016,-0.0070917,-0.018214,-0.052049,0.12116,-0.029623,-0.0646,-0.0069165,-0.11391,0.023096,-0.073303,0.020816,-0.076108,-0.014575,0.01832,-0.057006,0.032595,0.0073416,-0.065519,-0.060167,-0.1356,-0.079046,0.012876,0.028949,-0.049259,-0.058863,-0.035899,-0.021416,-0.0076891,-0.060532,-0.071734,-0.071727,-0.094337,-0.02195,-0.047965,-0.025475,-0.039678,0.0037767,-0.057827,0.0070019,-0.014306,-0.00049748,-0.033493,0.12859,-0.060034,-0.13923,-0.072143,0.0074086,-0.036164
0.010651,0.032999,-0.0065583,-0.034161,0.029377,0.13927,-0.14825,-0.018321,-0.010221,0.16532,-0.018831,0.029989,0.0078606,0.04975,0.037175,-0.021836,0.091898,0.022121,0.069413,0.11634,0.08938,-0.0089344,0.046235,0.065046,0.073595,-0.059273,-0.15413,0.028005,-0.058239,-0.016327,0.057075,0.062223,0.020626,-0.0093316,-0.04037,0.31072,0.0069379,-0.0033179,0.055339,-0.0064429,0.032652,-0.042051,-0.039175,0.093122,0.00595,0.0089819,-0.018465,0.016436,0.086237,-0.0037817,0.020774,0.023837,-0.053636,0.0225,0.021414,-0.062528,0.042808,0.063651,-0.010476,-0.0098402,0.0025461,-0.034877,0.1175,-0.017571,-0.068181,0.0034588,-0.082254,0.012238,-0.063065,-0.0080114,-0.025056,-0.072086,-0.063173,-0.046045,0.023386,0.2505,-0.036069,-0.071621,-0.021545,-0.014558,-0.0096167,-0.0014422,-0.055881,0.013431,-0.029578,0.090279,-0.23823,-0.026001,0.014964,-0.042883,0.058363,-1.9118e-06,-0.021931,0.092305,0.11974,-0.049114,-0.071947,0.023433,0.065293,0.028768,-0.073822,-0.0095014,-0.020809,-0.0088096,-0.044334,-0.061831,-0.015064,-0.0099009,0.0036572,0.012749,0.0054496,0.032457,-0.015438,-0.0529,-0.071338,0.015426,-0.0057406,-0.024909,-0.033935,-0.048107,0.054705,-0.11619,0.010072,-0.098224,-0.067547,0.021749,-0.008185,-0.030375,0.13147,0.026958,-0.058971,0.023564,0.087665,-0.088523,-0.16866,-0.021071,0.089406,-0.030731,-0.025425,0.025384,0.062981,0.0074981,-0.031614,0.011929,-0.025857,0.3137,0.036946,0.038135,0.067177,-0.023047,0.059535,-0.045536,-0.040387,-0.023746,-0.021371,-0.0043479,0.0036195,-0.01964,0.040431,0.019978,-0.028159,0.22236,-0.042081,0.076596,-0.015801,0.013606,-0.012482,0.043599,-0.0027574,-0.04066,0.23135,0.0016001,0.0083691,-0.0074792,0.0012368,0.022061,-0.062858,0.048004,-0.02029,0.054737,-0.010275,0.081298,-0.036578,-0.036224,-0.087632,-0.013376,0.057393,-0.00048114,-0.15295,-0.043505,-0.043576,0.019189,0.034337,0.014995,-0.034461,0.056939,0.068487,0.0045202,-0.013418,0.0014382,-0.026474,-0.043942,-0.070452,-0.051354,-0.0024567,0.011833,-0.065854,0.044767,-0.052782,-0.077434,-0.036757,-0.031839,-0.03386,0.030255,-0.024831
0.032592,0.17478,-0.042868,0.019253,-0.082446,-0.086763,-0.084432,0.033602,-0.047557,-0.079673,-0.011061,-0.0023145,0.0030351,0.062776,-0.1122,0.033544,-0.034619,-0.062332,-0.12985,0.026818,-0.031709,-0.014237,0.065849,0.007285,0.03743,0.026143,0.14954,-0.023078,0.019975,0.01227,9.1343e-05,-0.0058783,-0.028825,-0.010689,-0.062833,0.03095,-0.017506,-0.008952,-0.033842,0.030697,-0.025917,-0.011506,0.1014,-0.04075,-0.032677,-0.064289,0.014281,0.0058068,0.031113,0.040198,-0.017742,-0.00091389,0.022779,-0.057208,0.012924,-0.03857,-0.040896,-0.091601,-0.060929,0.0042719,-0.12229,-0.03791,-0.040027,-0.018037,-0.029599,-0.031642,-0.017113,-0.058614,0.008816,-0.050319,-0.11632,-0.017317,-0.092802,-0.0038923,-0.056972,0.11792,-0.046938,-0.041061,-0.052229,-0.030466,-0.070016,-0.028462,-0.09889,-0.11232,0.041005,-0.084433,0.11448,-0.047519,-0.10798,-0.0080238,0.072366,0.058328,0.058422,-0.12955,0.10571,-0.12362,-0.027481,0.010884,3.177e-05,0.015238,-0.00045959,0.030919,-0.00348,0.00046614,-0.12169,0.016592,-0.030151,0.0056807,-0.13862,0.025255,0.13193,0.02242,0.1461,-0.15558,0.047568,-0.014044,0.076417,-0.0029921,-0.037788,-0.047875,0.012584,0.013169,0.0075386,-0.026751,-0.066197,-0.057952,0.025261,0.038971,-0.021056,-0.070173,-0.024109,-0.20234,0.36458,-0.027831,-0.02805,0.087148,-0.014798,0.065881,0.039499,-0.021586,0.2123,-0.026654,0.059093,0.039544,0.041844,-0.022905,0.035848,0.092033,0.012267,0.13218,0.098015,-0.016729,-0.0030225,-0.021633,-0.062714,-0.10346,-0.015597,-0.036769,-0.0035505,-0.061822,0.02617,0.016201,0.095459,0.069961,-0.048379,-0.0080336,0.019597,0.060445,-0.10077,0.0072201,-0.10838,0.084756,0.033691,-0.022457,0.10828,-0.0088032,-0.013589,0.040482,0.0069117,0.032294,0.011795,0.0070486,0.11556,0.0034135,0.046275,0.021858,0.12255,0.018103,0.044752,0.01836,0.063603,-0.0075244,-0.084528,-0.0095684,-0.0098581,0.0031694,0.10688,0.092597,0.18577,0.025797,0.048322,0.042452,0.042136,0.050543,0.01571,-0.0078381,-0.03492,0.0025256,-0.035829,0.0006752,0.023258,0.038163,0.033066,-0.053322,-0.078948
-0.16957,-0.11821,-0.082937,-0.01072,-0.068984,0.02185,0.039692,-0.024792,-0.011262,0.28353,0.0084685,-0.12732,-0.14049,-0.018597,0.03305,-0.038449,-0.050507,-0.075464,0.0095215,-0.28923,0.11695,-0.049991,-0.08683,-0.056681,-0.045856,-0.0018601,-0.028844,-0.0068019,-0.049609,0.022352,-0.027939,-0.039249,-0.080161,-0.026965,-0.0090478,-0.0080561,-0.034883,-0.0084432,-0.059838,-0.063162,-0.093057,-0.018183,0.0031829,-0.06248,-0.040668,0.090519,-0.016629,-0.0014897,-0.018305,-0.016704,-0.00034038,-0.0049547,0.053309,-0.019527,-0.0081795,-0.013019,-0.0067371,-0.16412,-0.0093464,-0.05535,-0.12385,-0.0035333,0.062028,-0.0076579,0.029808,-0.004877,0.010439,-0.017601,0.0093425,0.0062592,-0.11041,-0.041999,0.021049,0.053091,0.0062585,0.012675,0.00089218,0.035304,0.02242,-0.036723,0.016184,0.005602,0.14393,-0.044594,-0.0030127,0.014231,0.031612,-0.044833,0.12518,-0.053687,-0.029258,-0.049404,0.044582,-0.10561,0.034152,0.0075254,-0.043218,-0.015456,-0.056791,-0.040088,0.07456,-0.017566,-0.093157,-0.023981,-0.085818,0.1141,0.0054831,0.047645,-0.060618,0.022838,0.064859,-0.012559,-0.04442,-0.049479,0.020609,0.074404,0.055505,0.013002,0.12193,0.01016,0.026507,0.060394,-0.026755,0.056106,-0.0028775,0.0069139,0.05981,0.025316,0.17295,-0.070499,0.031771,-0.081365,-0.19675,-0.027161,0.067619,0.073067,-0.057165,0.031489,0.031498,-0.047202,-0.0031537,0.1341,0.099581,-0.007094,0.041912,0.0090293,0.058566,-0.011333,0.0198,-0.13027,0.033006,-0.0031245,0.08641,-0.013293,-0.0072324,0.17786,-0.005521,0.0042702,0.022206,0.0056781,0.035259,0.31839,-0.040054,0.019259,-0.012141,-0.028509,0.019881,0.053126,-0.040563,-0.10987,0.12364,0.012922,-0.025623,0.017067,0.11737,0.0017906,-0.032431,-0.038663,0.014299,-0.0078307,0.044615,0.014124,0.076632,-0.0081844,0.044038,0.067019,0.053574,-0.0045688,0.128,0.10642,0.076267,-0.00041581,-0.031279,0.033873,0.0094633,-0.003452,0.040637,0.035221,0.066189,-0.010598,-0.030507,-0.0086053,-0.016904,0.01868,-0.023697,-0.076757,-0.047301,-0.011616,-0.032133,0.02777,-0.015029,0.017067,0.022059,0.0073826,-0.065404
